USE asterisk;
DROP TABLE IF EXISTS `rest_pjsip_providers`;
DROP TABLE IF EXISTS `rest_pjsip_trunks_defaults`;
DROP TABLE IF EXISTS `rest_pjsip_trunks_specialopts`;

CREATE TABLE `rest_pjsip_providers` (
    `id` bigint(20) NOT NULL AUTO_INCREMENT,
    `provider` varchar(100) NOT NULL DEFAULT '',
    `description` varchar(100) NOT NULL DEFAULT '',
    PRIMARY KEY (`id`)
) ENGINE=InnoDB DEFAULT CHARSET=utf8mb4 COLLATE=utf8mb4_unicode_ci;

CREATE TABLE `rest_pjsip_trunks_defaults` (
  `provider_id` bigint(20) NOT NULL,
  `keyword` varchar(30) COLLATE utf8mb4_unicode_ci NOT NULL DEFAULT '',
  `data` varchar(255) COLLATE utf8mb4_unicode_ci NOT NULL,
  PRIMARY KEY (`provider_id`,`keyword`)
) ENGINE=InnoDB DEFAULT CHARSET=utf8mb4 COLLATE=utf8mb4_unicode_ci;

CREATE TABLE `rest_pjsip_trunks_specialopts` (
  `provider_id` bigint(20) NOT NULL,
  `keyword` varchar(30) COLLATE utf8mb4_unicode_ci NOT NULL DEFAULT '',
  `data` varchar(255) COLLATE utf8mb4_unicode_ci NOT NULL,
  PRIMARY KEY (`provider_id`,`keyword`)
) ENGINE=InnoDB DEFAULT CHARSET=utf8mb4 COLLATE=utf8mb4_unicode_ci;

INSERT IGNORE INTO `rest_pjsip_providers` (`id`,`provider`,`description`) VALUES (1,'activenetwork','Active Network');
INSERT IGNORE INTO `rest_pjsip_providers` (`id`,`provider`,`description`) VALUES (2,'clouditalia','Clouditalia');
INSERT IGNORE INTO `rest_pjsip_providers` (`id`,`provider`,`description`) VALUES (3,'fibering','Fibering s.p.a.');
INSERT IGNORE INTO `rest_pjsip_providers` (`id`,`provider`,`description`) VALUES (4,'messagenet','MessageNet');
INSERT IGNORE INTO `rest_pjsip_providers` (`id`,`provider`,`description`) VALUES (5,'neomedia','Neomedia');
INSERT IGNORE INTO `rest_pjsip_providers` (`id`,`provider`,`description`) VALUES (6,'opensolution_gnr','Opensolution GNR');
INSERT IGNORE INTO `rest_pjsip_providers` (`id`,`provider`,`description`) VALUES (7,'opensolution_sip','Opensolution Sip');
INSERT IGNORE INTO `rest_pjsip_providers` (`id`,`provider`,`description`) VALUES (8,'opensolution_voip','Opensolution Voip');
INSERT IGNORE INTO `rest_pjsip_providers` (`id`,`provider`,`description`) VALUES (9,'plink','Plink');
INSERT IGNORE INTO `rest_pjsip_providers` (`id`,`provider`,`description`) VALUES (10,'sixcomm','Six Comm Group');
INSERT IGNORE INTO `rest_pjsip_providers` (`id`,`provider`,`description`) VALUES (11,'talkho','Talkho');
INSERT IGNORE INTO `rest_pjsip_providers` (`id`,`provider`,`description`) VALUES (12,'timenet','Timenet');
INSERT IGNORE INTO `rest_pjsip_providers` (`id`,`provider`,`description`) VALUES (13,'twt','TWT');
INSERT IGNORE INTO `rest_pjsip_providers` (`id`,`provider`,`description`) VALUES (14,'viatek','Viatek');
INSERT IGNORE INTO `rest_pjsip_providers` (`id`,`provider`,`description`) VALUES (15,'vivavox','VivaVox');
INSERT IGNORE INTO `rest_pjsip_providers` (`id`,`provider`,`description`) VALUES (16,'voipeasy','VoipEasy');
INSERT IGNORE INTO `rest_pjsip_providers` (`id`,`provider`,`description`) VALUES (17,'voiptel','VoipTel');
INSERT IGNORE INTO `rest_pjsip_providers` (`id`,`provider`,`description`) VALUES (18,'voipvoice-sip','VoipVoice (sip.voipvoice.it)');
INSERT IGNORE INTO `rest_pjsip_providers` (`id`,`provider`,`description`) VALUES (19,'voipvoice-trunk','VoipVoice (trunk.voipvoice.it)');
INSERT IGNORE INTO `rest_pjsip_providers` (`id`,`provider`,`description`) VALUES (20,'voipvoice-user','VoipVoice (user.voipvoice.it)');
INSERT IGNORE INTO `rest_pjsip_providers` (`id`,`provider`,`description`) VALUES (21,'wicity','WiCity');
INSERT IGNORE INTO `rest_pjsip_providers` (`id`,`provider`,`description`) VALUES (22,'wic','WiC');
INSERT IGNORE INTO `rest_pjsip_providers` (`id`,`provider`,`description`) VALUES (23,'xstream','XStream');
INSERT IGNORE INTO `rest_pjsip_providers` (`id`,`provider`,`description`) VALUES (24,'digitalia','Digitalia ICT');

/*Active Network*/
INSERT IGNORE INTO `rest_pjsip_trunks_defaults` (`provider_id`,`keyword`,`data`) VALUES (1,"aor_contact","");
INSERT IGNORE INTO `rest_pjsip_trunks_defaults` (`provider_id`,`keyword`,`data`) VALUES (1,"aors","");
INSERT IGNORE INTO `rest_pjsip_trunks_defaults` (`provider_id`,`keyword`,`data`) VALUES (1,"auth_rejection_permanent","off");
INSERT IGNORE INTO `rest_pjsip_trunks_defaults` (`provider_id`,`keyword`,`data`) VALUES (1,"authentication","outbound");
INSERT IGNORE INTO `rest_pjsip_trunks_defaults` (`provider_id`,`keyword`,`data`) VALUES (1,"client_uri","");
INSERT IGNORE INTO `rest_pjsip_trunks_defaults` (`provider_id`,`keyword`,`data`) VALUES (1,"codecs","ulaw,alaw");
INSERT IGNORE INTO `rest_pjsip_trunks_defaults` (`provider_id`,`keyword`,`data`) VALUES (1,"context","from-pstn-toheader");
INSERT IGNORE INTO `rest_pjsip_trunks_defaults` (`provider_id`,`keyword`,`data`) VALUES (1,"dialopts","");
INSERT IGNORE INTO `rest_pjsip_trunks_defaults` (`provider_id`,`keyword`,`data`) VALUES (1,"dialoutopts_cb","sys");
INSERT IGNORE INTO `rest_pjsip_trunks_defaults` (`provider_id`,`keyword`,`data`) VALUES (1,"direct_media","no");
INSERT IGNORE INTO `rest_pjsip_trunks_defaults` (`provider_id`,`keyword`,`data`) VALUES (1,"disabletrunk","off");
INSERT IGNORE INTO `rest_pjsip_trunks_defaults` (`provider_id`,`keyword`,`data`) VALUES (1,"dtmfmode","auto");
INSERT IGNORE INTO `rest_pjsip_trunks_defaults` (`provider_id`,`keyword`,`data`) VALUES (1,"expiration","300");
INSERT IGNORE INTO `rest_pjsip_trunks_defaults` (`provider_id`,`keyword`,`data`) VALUES (1,"failtrunk_enable","0");
INSERT IGNORE INTO `rest_pjsip_trunks_defaults` (`provider_id`,`keyword`,`data`) VALUES (1,"fatal_retry_interval","0");
INSERT IGNORE INTO `rest_pjsip_trunks_defaults` (`provider_id`,`keyword`,`data`) VALUES (1,"fax_detect","no");
INSERT IGNORE INTO `rest_pjsip_trunks_defaults` (`provider_id`,`keyword`,`data`) VALUES (1,"forbidden_retry_interval","10");
INSERT IGNORE INTO `rest_pjsip_trunks_defaults` (`provider_id`,`keyword`,`data`) VALUES (1,"force_rport","yes");
INSERT IGNORE INTO `rest_pjsip_trunks_defaults` (`provider_id`,`keyword`,`data`) VALUES (1,"from_domain","sip.activenetwork.it");
INSERT IGNORE INTO `rest_pjsip_trunks_defaults` (`provider_id`,`keyword`,`data`) VALUES (1,"hcid","on");
INSERT IGNORE INTO `rest_pjsip_trunks_defaults` (`provider_id`,`keyword`,`data`) VALUES (1,"identify_by","default");
INSERT IGNORE INTO `rest_pjsip_trunks_defaults` (`provider_id`,`keyword`,`data`) VALUES (1,"inband_progress","no");
INSERT IGNORE INTO `rest_pjsip_trunks_defaults` (`provider_id`,`keyword`,`data`) VALUES (1,"language","");
INSERT IGNORE INTO `rest_pjsip_trunks_defaults` (`provider_id`,`keyword`,`data`) VALUES (1,"match","");
INSERT IGNORE INTO `rest_pjsip_trunks_defaults` (`provider_id`,`keyword`,`data`) VALUES (1,"max_retries","10000");
INSERT IGNORE INTO `rest_pjsip_trunks_defaults` (`provider_id`,`keyword`,`data`) VALUES (1,"maxchans","");
INSERT IGNORE INTO `rest_pjsip_trunks_defaults` (`provider_id`,`keyword`,`data`) VALUES (1,"media_address","");
INSERT IGNORE INTO `rest_pjsip_trunks_defaults` (`provider_id`,`keyword`,`data`) VALUES (1,"media_encryption","no");
INSERT IGNORE INTO `rest_pjsip_trunks_defaults` (`provider_id`,`keyword`,`data`) VALUES (1,"message_context","");
INSERT IGNORE INTO `rest_pjsip_trunks_defaults` (`provider_id`,`keyword`,`data`) VALUES (1,"npanxx","");
INSERT IGNORE INTO `rest_pjsip_trunks_defaults` (`provider_id`,`keyword`,`data`) VALUES (1,"outbound_proxy","");
INSERT IGNORE INTO `rest_pjsip_trunks_defaults` (`provider_id`,`keyword`,`data`) VALUES (1,"peerdetails","");
INSERT IGNORE INTO `rest_pjsip_trunks_defaults` (`provider_id`,`keyword`,`data`) VALUES (1,"qualify_frequency","60");
INSERT IGNORE INTO `rest_pjsip_trunks_defaults` (`provider_id`,`keyword`,`data`) VALUES (1,"register","");
INSERT IGNORE INTO `rest_pjsip_trunks_defaults` (`provider_id`,`keyword`,`data`) VALUES (1,"registration","send");
INSERT IGNORE INTO `rest_pjsip_trunks_defaults` (`provider_id`,`keyword`,`data`) VALUES (1,"retry_interval","60");
INSERT IGNORE INTO `rest_pjsip_trunks_defaults` (`provider_id`,`keyword`,`data`) VALUES (1,"rewrite_contact","yes");
INSERT IGNORE INTO `rest_pjsip_trunks_defaults` (`provider_id`,`keyword`,`data`) VALUES (1,"rtp_symmetric","yes");
INSERT IGNORE INTO `rest_pjsip_trunks_defaults` (`provider_id`,`keyword`,`data`) VALUES (1,"sendrpid","no");
INSERT IGNORE INTO `rest_pjsip_trunks_defaults` (`provider_id`,`keyword`,`data`) VALUES (1,"server_uri","");
INSERT IGNORE INTO `rest_pjsip_trunks_defaults` (`provider_id`,`keyword`,`data`) VALUES (1,"sip_server","sip.activenetwork.it");
INSERT IGNORE INTO `rest_pjsip_trunks_defaults` (`provider_id`,`keyword`,`data`) VALUES (1,"sip_server_port","5060");
INSERT IGNORE INTO `rest_pjsip_trunks_defaults` (`provider_id`,`keyword`,`data`) VALUES (1,"support_path","no");
INSERT IGNORE INTO `rest_pjsip_trunks_defaults` (`provider_id`,`keyword`,`data`) VALUES (1,"sv_usercontext","");
INSERT IGNORE INTO `rest_pjsip_trunks_defaults` (`provider_id`,`keyword`,`data`) VALUES (1,"t38_udptl","no");
INSERT IGNORE INTO `rest_pjsip_trunks_defaults` (`provider_id`,`keyword`,`data`) VALUES (1,"t38_udptl_ec","none");
INSERT IGNORE INTO `rest_pjsip_trunks_defaults` (`provider_id`,`keyword`,`data`) VALUES (1,"t38_udptl_maxdatagram","");
INSERT IGNORE INTO `rest_pjsip_trunks_defaults` (`provider_id`,`keyword`,`data`) VALUES (1,"t38_udptl_nat","no");
INSERT IGNORE INTO `rest_pjsip_trunks_defaults` (`provider_id`,`keyword`,`data`) VALUES (1,"transport","0.0.0.0-udp");
INSERT IGNORE INTO `rest_pjsip_trunks_defaults` (`provider_id`,`keyword`,`data`) VALUES (1,"trust_rpid","no");
INSERT IGNORE INTO `rest_pjsip_trunks_defaults` (`provider_id`,`keyword`,`data`) VALUES (1,"userconfig","");

/* Clouditalia */
INSERT IGNORE INTO `rest_pjsip_trunks_defaults` (`provider_id`,`keyword`,`data`) VALUES (2,"aor_contact","");
INSERT IGNORE INTO `rest_pjsip_trunks_defaults` (`provider_id`,`keyword`,`data`) VALUES (2,"aors","");
INSERT IGNORE INTO `rest_pjsip_trunks_defaults` (`provider_id`,`keyword`,`data`) VALUES (2,"auth_rejection_permanent","off");
INSERT IGNORE INTO `rest_pjsip_trunks_defaults` (`provider_id`,`keyword`,`data`) VALUES (2,"authentication","outbound");
INSERT IGNORE INTO `rest_pjsip_trunks_defaults` (`provider_id`,`keyword`,`data`) VALUES (2,"client_uri","");
INSERT IGNORE INTO `rest_pjsip_trunks_defaults` (`provider_id`,`keyword`,`data`) VALUES (2,"codecs","ulaw,alaw,gsm,g726,g722,g729");
INSERT IGNORE INTO `rest_pjsip_trunks_defaults` (`provider_id`,`keyword`,`data`) VALUES (2,"context","from-pstn-toheader");
INSERT IGNORE INTO `rest_pjsip_trunks_defaults` (`provider_id`,`keyword`,`data`) VALUES (2,"dialopts","");
INSERT IGNORE INTO `rest_pjsip_trunks_defaults` (`provider_id`,`keyword`,`data`) VALUES (2,"dialoutopts_cb","sys");
INSERT IGNORE INTO `rest_pjsip_trunks_defaults` (`provider_id`,`keyword`,`data`) VALUES (2,"direct_media","no");
INSERT IGNORE INTO `rest_pjsip_trunks_defaults` (`provider_id`,`keyword`,`data`) VALUES (2,"disabletrunk","off");
INSERT IGNORE INTO `rest_pjsip_trunks_defaults` (`provider_id`,`keyword`,`data`) VALUES (2,"dtmfmode","auto");
INSERT IGNORE INTO `rest_pjsip_trunks_defaults` (`provider_id`,`keyword`,`data`) VALUES (2,"expiration","300");
INSERT IGNORE INTO `rest_pjsip_trunks_defaults` (`provider_id`,`keyword`,`data`) VALUES (2,"failtrunk_enable","0");
INSERT IGNORE INTO `rest_pjsip_trunks_defaults` (`provider_id`,`keyword`,`data`) VALUES (2,"fatal_retry_interval","0");
INSERT IGNORE INTO `rest_pjsip_trunks_defaults` (`provider_id`,`keyword`,`data`) VALUES (2,"fax_detect","no");
INSERT IGNORE INTO `rest_pjsip_trunks_defaults` (`provider_id`,`keyword`,`data`) VALUES (2,"forbidden_retry_interval","10");
INSERT IGNORE INTO `rest_pjsip_trunks_defaults` (`provider_id`,`keyword`,`data`) VALUES (2,"force_rport","yes");
INSERT IGNORE INTO `rest_pjsip_trunks_defaults` (`provider_id`,`keyword`,`data`) VALUES (2,"from_domain","voip.eutelia.it");
INSERT IGNORE INTO `rest_pjsip_trunks_defaults` (`provider_id`,`keyword`,`data`) VALUES (2,"hcid","on");
INSERT IGNORE INTO `rest_pjsip_trunks_defaults` (`provider_id`,`keyword`,`data`) VALUES (2,"identify_by","default");
INSERT IGNORE INTO `rest_pjsip_trunks_defaults` (`provider_id`,`keyword`,`data`) VALUES (2,"inband_progress","no");
INSERT IGNORE INTO `rest_pjsip_trunks_defaults` (`provider_id`,`keyword`,`data`) VALUES (2,"language","");
INSERT IGNORE INTO `rest_pjsip_trunks_defaults` (`provider_id`,`keyword`,`data`) VALUES (2,"match","");
INSERT IGNORE INTO `rest_pjsip_trunks_defaults` (`provider_id`,`keyword`,`data`) VALUES (2,"max_retries","10000");
INSERT IGNORE INTO `rest_pjsip_trunks_defaults` (`provider_id`,`keyword`,`data`) VALUES (2,"maxchans","");
INSERT IGNORE INTO `rest_pjsip_trunks_defaults` (`provider_id`,`keyword`,`data`) VALUES (2,"media_address","");
INSERT IGNORE INTO `rest_pjsip_trunks_defaults` (`provider_id`,`keyword`,`data`) VALUES (2,"media_encryption","no");
INSERT IGNORE INTO `rest_pjsip_trunks_defaults` (`provider_id`,`keyword`,`data`) VALUES (2,"message_context","");
INSERT IGNORE INTO `rest_pjsip_trunks_defaults` (`provider_id`,`keyword`,`data`) VALUES (2,"npanxx","");
INSERT IGNORE INTO `rest_pjsip_trunks_defaults` (`provider_id`,`keyword`,`data`) VALUES (2,"outbound_proxy","");
INSERT IGNORE INTO `rest_pjsip_trunks_defaults` (`provider_id`,`keyword`,`data`) VALUES (2,"peerdetails","");
INSERT IGNORE INTO `rest_pjsip_trunks_defaults` (`provider_id`,`keyword`,`data`) VALUES (2,"qualify_frequency","60");
INSERT IGNORE INTO `rest_pjsip_trunks_defaults` (`provider_id`,`keyword`,`data`) VALUES (2,"register","");
INSERT IGNORE INTO `rest_pjsip_trunks_defaults` (`provider_id`,`keyword`,`data`) VALUES (2,"registration","send");
INSERT IGNORE INTO `rest_pjsip_trunks_defaults` (`provider_id`,`keyword`,`data`) VALUES (2,"retry_interval","60");
INSERT IGNORE INTO `rest_pjsip_trunks_defaults` (`provider_id`,`keyword`,`data`) VALUES (2,"rewrite_contact","yes");
INSERT IGNORE INTO `rest_pjsip_trunks_defaults` (`provider_id`,`keyword`,`data`) VALUES (2,"rtp_symmetric","yes");
INSERT IGNORE INTO `rest_pjsip_trunks_defaults` (`provider_id`,`keyword`,`data`) VALUES (2,"sendrpid","no");
INSERT IGNORE INTO `rest_pjsip_trunks_defaults` (`provider_id`,`keyword`,`data`) VALUES (2,"server_uri","");
INSERT IGNORE INTO `rest_pjsip_trunks_defaults` (`provider_id`,`keyword`,`data`) VALUES (2,"sip_server","voip.eutelia.it");
INSERT IGNORE INTO `rest_pjsip_trunks_defaults` (`provider_id`,`keyword`,`data`) VALUES (2,"sip_server_port","5060");
INSERT IGNORE INTO `rest_pjsip_trunks_defaults` (`provider_id`,`keyword`,`data`) VALUES (2,"support_path","no");
INSERT IGNORE INTO `rest_pjsip_trunks_defaults` (`provider_id`,`keyword`,`data`) VALUES (2,"sv_usercontext","");
INSERT IGNORE INTO `rest_pjsip_trunks_defaults` (`provider_id`,`keyword`,`data`) VALUES (2,"t38_udptl","no");
INSERT IGNORE INTO `rest_pjsip_trunks_defaults` (`provider_id`,`keyword`,`data`) VALUES (2,"t38_udptl_ec","none");
INSERT IGNORE INTO `rest_pjsip_trunks_defaults` (`provider_id`,`keyword`,`data`) VALUES (2,"t38_udptl_maxdatagram","");
INSERT IGNORE INTO `rest_pjsip_trunks_defaults` (`provider_id`,`keyword`,`data`) VALUES (2,"t38_udptl_nat","no");
INSERT IGNORE INTO `rest_pjsip_trunks_defaults` (`provider_id`,`keyword`,`data`) VALUES (2,"transport","0.0.0.0-udp");
INSERT IGNORE INTO `rest_pjsip_trunks_defaults` (`provider_id`,`keyword`,`data`) VALUES (2,"trust_rpid","no");
INSERT IGNORE INTO `rest_pjsip_trunks_defaults` (`provider_id`,`keyword`,`data`) VALUES (2,"userconfig","");

/* Fibering s.p.a. */
INSERT IGNORE INTO `rest_pjsip_trunks_defaults` (`provider_id`,`keyword`,`data`) VALUES (3,"aor_contact","");
INSERT IGNORE INTO `rest_pjsip_trunks_defaults` (`provider_id`,`keyword`,`data`) VALUES (3,"aors","");
INSERT IGNORE INTO `rest_pjsip_trunks_defaults` (`provider_id`,`keyword`,`data`) VALUES (3,"auth_rejection_permanent","off");
INSERT IGNORE INTO `rest_pjsip_trunks_defaults` (`provider_id`,`keyword`,`data`) VALUES (3,"authentication","outbound");
INSERT IGNORE INTO `rest_pjsip_trunks_defaults` (`provider_id`,`keyword`,`data`) VALUES (3,"client_uri","");
INSERT IGNORE INTO `rest_pjsip_trunks_defaults` (`provider_id`,`keyword`,`data`) VALUES (3,"codecs","g729");
INSERT IGNORE INTO `rest_pjsip_trunks_defaults` (`provider_id`,`keyword`,`data`) VALUES (3,"context","from-pstn-toheader");
INSERT IGNORE INTO `rest_pjsip_trunks_defaults` (`provider_id`,`keyword`,`data`) VALUES (3,"dialoutopts_cb","");
INSERT IGNORE INTO `rest_pjsip_trunks_defaults` (`provider_id`,`keyword`,`data`) VALUES (3,"direct_media","no");
INSERT IGNORE INTO `rest_pjsip_trunks_defaults` (`provider_id`,`keyword`,`data`) VALUES (3,"disabletrunk","off");
INSERT IGNORE INTO `rest_pjsip_trunks_defaults` (`provider_id`,`keyword`,`data`) VALUES (3,"dtmfmode","auto");
INSERT IGNORE INTO `rest_pjsip_trunks_defaults` (`provider_id`,`keyword`,`data`) VALUES (3,"expiration","300");
INSERT IGNORE INTO `rest_pjsip_trunks_defaults` (`provider_id`,`keyword`,`data`) VALUES (3,"failtrunk_enable","off");
INSERT IGNORE INTO `rest_pjsip_trunks_defaults` (`provider_id`,`keyword`,`data`) VALUES (3,"fatal_retry_interval","0");
INSERT IGNORE INTO `rest_pjsip_trunks_defaults` (`provider_id`,`keyword`,`data`) VALUES (3,"fax_detect","no");
INSERT IGNORE INTO `rest_pjsip_trunks_defaults` (`provider_id`,`keyword`,`data`) VALUES (3,"forbidden_retry_interval","10");
INSERT IGNORE INTO `rest_pjsip_trunks_defaults` (`provider_id`,`keyword`,`data`) VALUES (3,"force_rport","yes");
INSERT IGNORE INTO `rest_pjsip_trunks_defaults` (`provider_id`,`keyword`,`data`) VALUES (3,"from_domain","");
INSERT IGNORE INTO `rest_pjsip_trunks_defaults` (`provider_id`,`keyword`,`data`) VALUES (3,"hcid","on");
INSERT IGNORE INTO `rest_pjsip_trunks_defaults` (`provider_id`,`keyword`,`data`) VALUES (3,"identify_by","default");
INSERT IGNORE INTO `rest_pjsip_trunks_defaults` (`provider_id`,`keyword`,`data`) VALUES (3,"inband_progress","no");
INSERT IGNORE INTO `rest_pjsip_trunks_defaults` (`provider_id`,`keyword`,`data`) VALUES (3,"language","");
INSERT IGNORE INTO `rest_pjsip_trunks_defaults` (`provider_id`,`keyword`,`data`) VALUES (3,"match","");
INSERT IGNORE INTO `rest_pjsip_trunks_defaults` (`provider_id`,`keyword`,`data`) VALUES (3,"max_retries","10000");
INSERT IGNORE INTO `rest_pjsip_trunks_defaults` (`provider_id`,`keyword`,`data`) VALUES (3,"media_address","");
INSERT IGNORE INTO `rest_pjsip_trunks_defaults` (`provider_id`,`keyword`,`data`) VALUES (3,"media_encryption","sdes");
INSERT IGNORE INTO `rest_pjsip_trunks_defaults` (`provider_id`,`keyword`,`data`) VALUES (3,"message_context","");
INSERT IGNORE INTO `rest_pjsip_trunks_defaults` (`provider_id`,`keyword`,`data`) VALUES (3,"npanxx","");
INSERT IGNORE INTO `rest_pjsip_trunks_defaults` (`provider_id`,`keyword`,`data`) VALUES (3,"outbound_proxy","85.31.163.132");
INSERT IGNORE INTO `rest_pjsip_trunks_defaults` (`provider_id`,`keyword`,`data`) VALUES (3,"qualify_frequency","60");
INSERT IGNORE INTO `rest_pjsip_trunks_defaults` (`provider_id`,`keyword`,`data`) VALUES (3,"register","");
INSERT IGNORE INTO `rest_pjsip_trunks_defaults` (`provider_id`,`keyword`,`data`) VALUES (3,"registration","send");
INSERT IGNORE INTO `rest_pjsip_trunks_defaults` (`provider_id`,`keyword`,`data`) VALUES (3,"retry_interval","60");
INSERT IGNORE INTO `rest_pjsip_trunks_defaults` (`provider_id`,`keyword`,`data`) VALUES (3,"rewrite_contact","yes");
INSERT IGNORE INTO `rest_pjsip_trunks_defaults` (`provider_id`,`keyword`,`data`) VALUES (3,"rtp_symmetric","yes");
INSERT IGNORE INTO `rest_pjsip_trunks_defaults` (`provider_id`,`keyword`,`data`) VALUES (3,"sendrpid","no");
INSERT IGNORE INTO `rest_pjsip_trunks_defaults` (`provider_id`,`keyword`,`data`) VALUES (3,"server_uri","");
INSERT IGNORE INTO `rest_pjsip_trunks_defaults` (`provider_id`,`keyword`,`data`) VALUES (3,"sip_server","voip.sixcommgroup.it");
INSERT IGNORE INTO `rest_pjsip_trunks_defaults` (`provider_id`,`keyword`,`data`) VALUES (3,"sip_server_port","5060");
INSERT IGNORE INTO `rest_pjsip_trunks_defaults` (`provider_id`,`keyword`,`data`) VALUES (3,"support_path","no");
INSERT IGNORE INTO `rest_pjsip_trunks_defaults` (`provider_id`,`keyword`,`data`) VALUES (3,"sv_usercontext","");
INSERT IGNORE INTO `rest_pjsip_trunks_defaults` (`provider_id`,`keyword`,`data`) VALUES (3,"t38_udptl","no");
INSERT IGNORE INTO `rest_pjsip_trunks_defaults` (`provider_id`,`keyword`,`data`) VALUES (3,"t38_udptl_ec","none");
INSERT IGNORE INTO `rest_pjsip_trunks_defaults` (`provider_id`,`keyword`,`data`) VALUES (3,"t38_udptl_maxdatagram","");
INSERT IGNORE INTO `rest_pjsip_trunks_defaults` (`provider_id`,`keyword`,`data`) VALUES (3,"t38_udptl_nat","no");
INSERT IGNORE INTO `rest_pjsip_trunks_defaults` (`provider_id`,`keyword`,`data`) VALUES (3,"transport","0.0.0.0-udp");
INSERT IGNORE INTO `rest_pjsip_trunks_defaults` (`provider_id`,`keyword`,`data`) VALUES (3,"trust_rpid","no");

/* MessageNet */
INSERT IGNORE INTO `rest_pjsip_trunks_defaults` (`provider_id`,`keyword`,`data`) VALUES (4,"aor_contact","");
INSERT IGNORE INTO `rest_pjsip_trunks_defaults` (`provider_id`,`keyword`,`data`) VALUES (4,"aors","");
INSERT IGNORE INTO `rest_pjsip_trunks_defaults` (`provider_id`,`keyword`,`data`) VALUES (4,"auth_rejection_permanent","off");
INSERT IGNORE INTO `rest_pjsip_trunks_defaults` (`provider_id`,`keyword`,`data`) VALUES (4,"authentication","outbound");
INSERT IGNORE INTO `rest_pjsip_trunks_defaults` (`provider_id`,`keyword`,`data`) VALUES (4,"client_uri","");
INSERT IGNORE INTO `rest_pjsip_trunks_defaults` (`provider_id`,`keyword`,`data`) VALUES (4,"codecs","ulaw,alaw,gsm,g726,g722,g729");
INSERT IGNORE INTO `rest_pjsip_trunks_defaults` (`provider_id`,`keyword`,`data`) VALUES (4,"context","from-pstn-toheader");
INSERT IGNORE INTO `rest_pjsip_trunks_defaults` (`provider_id`,`keyword`,`data`) VALUES (4,"dialopts","");
INSERT IGNORE INTO `rest_pjsip_trunks_defaults` (`provider_id`,`keyword`,`data`) VALUES (4,"dialoutopts_cb","sys");
INSERT IGNORE INTO `rest_pjsip_trunks_defaults` (`provider_id`,`keyword`,`data`) VALUES (4,"direct_media","no");
INSERT IGNORE INTO `rest_pjsip_trunks_defaults` (`provider_id`,`keyword`,`data`) VALUES (4,"disabletrunk","off");
INSERT IGNORE INTO `rest_pjsip_trunks_defaults` (`provider_id`,`keyword`,`data`) VALUES (4,"dtmfmode","auto");
INSERT IGNORE INTO `rest_pjsip_trunks_defaults` (`provider_id`,`keyword`,`data`) VALUES (4,"expiration","300");
INSERT IGNORE INTO `rest_pjsip_trunks_defaults` (`provider_id`,`keyword`,`data`) VALUES (4,"failtrunk_enable","1");
INSERT IGNORE INTO `rest_pjsip_trunks_defaults` (`provider_id`,`keyword`,`data`) VALUES (4,"fatal_retry_interval","0");
INSERT IGNORE INTO `rest_pjsip_trunks_defaults` (`provider_id`,`keyword`,`data`) VALUES (4,"fax_detect","no");
INSERT IGNORE INTO `rest_pjsip_trunks_defaults` (`provider_id`,`keyword`,`data`) VALUES (4,"forbidden_retry_interval","10");
INSERT IGNORE INTO `rest_pjsip_trunks_defaults` (`provider_id`,`keyword`,`data`) VALUES (4,"force_rport","yes");
INSERT IGNORE INTO `rest_pjsip_trunks_defaults` (`provider_id`,`keyword`,`data`) VALUES (4,"from_domain","sip.messagenet.it");
INSERT IGNORE INTO `rest_pjsip_trunks_defaults` (`provider_id`,`keyword`,`data`) VALUES (4,"hcid","on");
INSERT IGNORE INTO `rest_pjsip_trunks_defaults` (`provider_id`,`keyword`,`data`) VALUES (4,"identify_by","default");
INSERT IGNORE INTO `rest_pjsip_trunks_defaults` (`provider_id`,`keyword`,`data`) VALUES (4,"inband_progress","no");
INSERT IGNORE INTO `rest_pjsip_trunks_defaults` (`provider_id`,`keyword`,`data`) VALUES (4,"language","");
INSERT IGNORE INTO `rest_pjsip_trunks_defaults` (`provider_id`,`keyword`,`data`) VALUES (4,"match","");
INSERT IGNORE INTO `rest_pjsip_trunks_defaults` (`provider_id`,`keyword`,`data`) VALUES (4,"max_retries","10000");
INSERT IGNORE INTO `rest_pjsip_trunks_defaults` (`provider_id`,`keyword`,`data`) VALUES (4,"maxchans","");
INSERT IGNORE INTO `rest_pjsip_trunks_defaults` (`provider_id`,`keyword`,`data`) VALUES (4,"media_address","");
INSERT IGNORE INTO `rest_pjsip_trunks_defaults` (`provider_id`,`keyword`,`data`) VALUES (4,"media_encryption","no");
INSERT IGNORE INTO `rest_pjsip_trunks_defaults` (`provider_id`,`keyword`,`data`) VALUES (4,"message_context","");
INSERT IGNORE INTO `rest_pjsip_trunks_defaults` (`provider_id`,`keyword`,`data`) VALUES (4,"npanxx","");
INSERT IGNORE INTO `rest_pjsip_trunks_defaults` (`provider_id`,`keyword`,`data`) VALUES (4,"outbound_proxy","");
INSERT IGNORE INTO `rest_pjsip_trunks_defaults` (`provider_id`,`keyword`,`data`) VALUES (4,"peerdetails","");
INSERT IGNORE INTO `rest_pjsip_trunks_defaults` (`provider_id`,`keyword`,`data`) VALUES (4,"qualify_frequency","60");
INSERT IGNORE INTO `rest_pjsip_trunks_defaults` (`provider_id`,`keyword`,`data`) VALUES (4,"register","");
INSERT IGNORE INTO `rest_pjsip_trunks_defaults` (`provider_id`,`keyword`,`data`) VALUES (4,"registration","send");
INSERT IGNORE INTO `rest_pjsip_trunks_defaults` (`provider_id`,`keyword`,`data`) VALUES (4,"retry_interval","60");
INSERT IGNORE INTO `rest_pjsip_trunks_defaults` (`provider_id`,`keyword`,`data`) VALUES (4,"rewrite_contact","yes");
INSERT IGNORE INTO `rest_pjsip_trunks_defaults` (`provider_id`,`keyword`,`data`) VALUES (4,"rtp_symmetric","yes");
INSERT IGNORE INTO `rest_pjsip_trunks_defaults` (`provider_id`,`keyword`,`data`) VALUES (4,"sendrpid","no");
INSERT IGNORE INTO `rest_pjsip_trunks_defaults` (`provider_id`,`keyword`,`data`) VALUES (4,"server_uri","");
INSERT IGNORE INTO `rest_pjsip_trunks_defaults` (`provider_id`,`keyword`,`data`) VALUES (4,"sip_server","sip.messagenet.it");
INSERT IGNORE INTO `rest_pjsip_trunks_defaults` (`provider_id`,`keyword`,`data`) VALUES (4,"sip_server_port","5060");
INSERT IGNORE INTO `rest_pjsip_trunks_defaults` (`provider_id`,`keyword`,`data`) VALUES (4,"support_path","no");
INSERT IGNORE INTO `rest_pjsip_trunks_defaults` (`provider_id`,`keyword`,`data`) VALUES (4,"sv_usercontext","");
INSERT IGNORE INTO `rest_pjsip_trunks_defaults` (`provider_id`,`keyword`,`data`) VALUES (4,"t38_udptl","no");
INSERT IGNORE INTO `rest_pjsip_trunks_defaults` (`provider_id`,`keyword`,`data`) VALUES (4,"t38_udptl_ec","none");
INSERT IGNORE INTO `rest_pjsip_trunks_defaults` (`provider_id`,`keyword`,`data`) VALUES (4,"t38_udptl_maxdatagram","");
INSERT IGNORE INTO `rest_pjsip_trunks_defaults` (`provider_id`,`keyword`,`data`) VALUES (4,"t38_udptl_nat","no");
INSERT IGNORE INTO `rest_pjsip_trunks_defaults` (`provider_id`,`keyword`,`data`) VALUES (4,"transport","0.0.0.0-udp");
INSERT IGNORE INTO `rest_pjsip_trunks_defaults` (`provider_id`,`keyword`,`data`) VALUES (4,"trust_rpid","no");
INSERT IGNORE INTO `rest_pjsip_trunks_defaults` (`provider_id`,`keyword`,`data`) VALUES (4,"userconfig","");

/* Neomedia */
INSERT IGNORE INTO `rest_pjsip_trunks_defaults` (`provider_id`,`keyword`,`data`) VALUES (5,"aor_contact","");
INSERT IGNORE INTO `rest_pjsip_trunks_defaults` (`provider_id`,`keyword`,`data`) VALUES (5,"aors","");
INSERT IGNORE INTO `rest_pjsip_trunks_defaults` (`provider_id`,`keyword`,`data`) VALUES (5,"auth_rejection_permanent","off");
INSERT IGNORE INTO `rest_pjsip_trunks_defaults` (`provider_id`,`keyword`,`data`) VALUES (5,"authentication","outbound");
INSERT IGNORE INTO `rest_pjsip_trunks_defaults` (`provider_id`,`keyword`,`data`) VALUES (5,"client_uri","");
INSERT IGNORE INTO `rest_pjsip_trunks_defaults` (`provider_id`,`keyword`,`data`) VALUES (5,"codecs","ulaw,alaw,g729,gsm,g726,g722");
INSERT IGNORE INTO `rest_pjsip_trunks_defaults` (`provider_id`,`keyword`,`data`) VALUES (5,"context","from-pstn-toheader");
INSERT IGNORE INTO `rest_pjsip_trunks_defaults` (`provider_id`,`keyword`,`data`) VALUES (5,"dialopts","");
INSERT IGNORE INTO `rest_pjsip_trunks_defaults` (`provider_id`,`keyword`,`data`) VALUES (5,"dialoutopts_cb","sys");
INSERT IGNORE INTO `rest_pjsip_trunks_defaults` (`provider_id`,`keyword`,`data`) VALUES (5,"direct_media","no");
INSERT IGNORE INTO `rest_pjsip_trunks_defaults` (`provider_id`,`keyword`,`data`) VALUES (5,"disabletrunk","off");
INSERT IGNORE INTO `rest_pjsip_trunks_defaults` (`provider_id`,`keyword`,`data`) VALUES (5,"dtmfmode","auto");
INSERT IGNORE INTO `rest_pjsip_trunks_defaults` (`provider_id`,`keyword`,`data`) VALUES (5,"expiration","300");
INSERT IGNORE INTO `rest_pjsip_trunks_defaults` (`provider_id`,`keyword`,`data`) VALUES (5,"failtrunk_enable","0");
INSERT IGNORE INTO `rest_pjsip_trunks_defaults` (`provider_id`,`keyword`,`data`) VALUES (5,"fatal_retry_interval","0");
INSERT IGNORE INTO `rest_pjsip_trunks_defaults` (`provider_id`,`keyword`,`data`) VALUES (5,"fax_detect","no");
INSERT IGNORE INTO `rest_pjsip_trunks_defaults` (`provider_id`,`keyword`,`data`) VALUES (5,"forbidden_retry_interval","10");
INSERT IGNORE INTO `rest_pjsip_trunks_defaults` (`provider_id`,`keyword`,`data`) VALUES (5,"force_rport","yes");
INSERT IGNORE INTO `rest_pjsip_trunks_defaults` (`provider_id`,`keyword`,`data`) VALUES (5,"from_domain","sip.neomedia.it");
INSERT IGNORE INTO `rest_pjsip_trunks_defaults` (`provider_id`,`keyword`,`data`) VALUES (5,"hcid","on");
INSERT IGNORE INTO `rest_pjsip_trunks_defaults` (`provider_id`,`keyword`,`data`) VALUES (5,"identify_by","default");
INSERT IGNORE INTO `rest_pjsip_trunks_defaults` (`provider_id`,`keyword`,`data`) VALUES (5,"inband_progress","no");
INSERT IGNORE INTO `rest_pjsip_trunks_defaults` (`provider_id`,`keyword`,`data`) VALUES (5,"language","");
INSERT IGNORE INTO `rest_pjsip_trunks_defaults` (`provider_id`,`keyword`,`data`) VALUES (5,"match","");
INSERT IGNORE INTO `rest_pjsip_trunks_defaults` (`provider_id`,`keyword`,`data`) VALUES (5,"max_retries","10000");
INSERT IGNORE INTO `rest_pjsip_trunks_defaults` (`provider_id`,`keyword`,`data`) VALUES (5,"maxchans","");
INSERT IGNORE INTO `rest_pjsip_trunks_defaults` (`provider_id`,`keyword`,`data`) VALUES (5,"media_address","");
INSERT IGNORE INTO `rest_pjsip_trunks_defaults` (`provider_id`,`keyword`,`data`) VALUES (5,"media_encryption","no");
INSERT IGNORE INTO `rest_pjsip_trunks_defaults` (`provider_id`,`keyword`,`data`) VALUES (5,"message_context","");
INSERT IGNORE INTO `rest_pjsip_trunks_defaults` (`provider_id`,`keyword`,`data`) VALUES (5,"npanxx","");
INSERT IGNORE INTO `rest_pjsip_trunks_defaults` (`provider_id`,`keyword`,`data`) VALUES (5,"outbound_proxy","");
INSERT IGNORE INTO `rest_pjsip_trunks_defaults` (`provider_id`,`keyword`,`data`) VALUES (5,"peerdetails","");
INSERT IGNORE INTO `rest_pjsip_trunks_defaults` (`provider_id`,`keyword`,`data`) VALUES (5,"qualify_frequency","60");
INSERT IGNORE INTO `rest_pjsip_trunks_defaults` (`provider_id`,`keyword`,`data`) VALUES (5,"register","");
INSERT IGNORE INTO `rest_pjsip_trunks_defaults` (`provider_id`,`keyword`,`data`) VALUES (5,"registration","send");
INSERT IGNORE INTO `rest_pjsip_trunks_defaults` (`provider_id`,`keyword`,`data`) VALUES (5,"retry_interval","60");
INSERT IGNORE INTO `rest_pjsip_trunks_defaults` (`provider_id`,`keyword`,`data`) VALUES (5,"rewrite_contact","yes");
INSERT IGNORE INTO `rest_pjsip_trunks_defaults` (`provider_id`,`keyword`,`data`) VALUES (5,"rtp_symmetric","yes");
INSERT IGNORE INTO `rest_pjsip_trunks_defaults` (`provider_id`,`keyword`,`data`) VALUES (5,"sendrpid","no");
INSERT IGNORE INTO `rest_pjsip_trunks_defaults` (`provider_id`,`keyword`,`data`) VALUES (5,"server_uri","");
INSERT IGNORE INTO `rest_pjsip_trunks_defaults` (`provider_id`,`keyword`,`data`) VALUES (5,"sip_server","sip.neomedia.it");
INSERT IGNORE INTO `rest_pjsip_trunks_defaults` (`provider_id`,`keyword`,`data`) VALUES (5,"sip_server_port","5060");
INSERT IGNORE INTO `rest_pjsip_trunks_defaults` (`provider_id`,`keyword`,`data`) VALUES (5,"support_path","no");
INSERT IGNORE INTO `rest_pjsip_trunks_defaults` (`provider_id`,`keyword`,`data`) VALUES (5,"sv_usercontext","");
INSERT IGNORE INTO `rest_pjsip_trunks_defaults` (`provider_id`,`keyword`,`data`) VALUES (5,"t38_udptl","no");
INSERT IGNORE INTO `rest_pjsip_trunks_defaults` (`provider_id`,`keyword`,`data`) VALUES (5,"t38_udptl_ec","none");
INSERT IGNORE INTO `rest_pjsip_trunks_defaults` (`provider_id`,`keyword`,`data`) VALUES (5,"t38_udptl_maxdatagram","");
INSERT IGNORE INTO `rest_pjsip_trunks_defaults` (`provider_id`,`keyword`,`data`) VALUES (5,"t38_udptl_nat","no");
INSERT IGNORE INTO `rest_pjsip_trunks_defaults` (`provider_id`,`keyword`,`data`) VALUES (5,"transport","0.0.0.0-udp");
INSERT IGNORE INTO `rest_pjsip_trunks_defaults` (`provider_id`,`keyword`,`data`) VALUES (5,"trust_rpid","no");
INSERT IGNORE INTO `rest_pjsip_trunks_defaults` (`provider_id`,`keyword`,`data`) VALUES (5,"userconfig","");

/* Opensolution GNR */
INSERT IGNORE INTO `rest_pjsip_trunks_defaults` (`provider_id`,`keyword`,`data`) VALUES (6,"aor_contact","");
INSERT IGNORE INTO `rest_pjsip_trunks_defaults` (`provider_id`,`keyword`,`data`) VALUES (6,"aors","");
INSERT IGNORE INTO `rest_pjsip_trunks_defaults` (`provider_id`,`keyword`,`data`) VALUES (6,"auth_rejection_permanent","off");
INSERT IGNORE INTO `rest_pjsip_trunks_defaults` (`provider_id`,`keyword`,`data`) VALUES (6,"authentication","off");
INSERT IGNORE INTO `rest_pjsip_trunks_defaults` (`provider_id`,`keyword`,`data`) VALUES (6,"client_uri","");
INSERT IGNORE INTO `rest_pjsip_trunks_defaults` (`provider_id`,`keyword`,`data`) VALUES (6,"codecs","ulaw,alaw,gsm,g726,g722,g729");
INSERT IGNORE INTO `rest_pjsip_trunks_defaults` (`provider_id`,`keyword`,`data`) VALUES (6,"context","from-pstn-toheader");
INSERT IGNORE INTO `rest_pjsip_trunks_defaults` (`provider_id`,`keyword`,`data`) VALUES (6,"dialopts","");
INSERT IGNORE INTO `rest_pjsip_trunks_defaults` (`provider_id`,`keyword`,`data`) VALUES (6,"dialoutopts_cb","sys");
INSERT IGNORE INTO `rest_pjsip_trunks_defaults` (`provider_id`,`keyword`,`data`) VALUES (6,"direct_media","no");
INSERT IGNORE INTO `rest_pjsip_trunks_defaults` (`provider_id`,`keyword`,`data`) VALUES (6,"disabletrunk","off");
INSERT IGNORE INTO `rest_pjsip_trunks_defaults` (`provider_id`,`keyword`,`data`) VALUES (6,"dtmfmode","auto");
INSERT IGNORE INTO `rest_pjsip_trunks_defaults` (`provider_id`,`keyword`,`data`) VALUES (6,"expiration","300");
INSERT IGNORE INTO `rest_pjsip_trunks_defaults` (`provider_id`,`keyword`,`data`) VALUES (6,"failtrunk_enable","0");
INSERT IGNORE INTO `rest_pjsip_trunks_defaults` (`provider_id`,`keyword`,`data`) VALUES (6,"fatal_retry_interval","0");
INSERT IGNORE INTO `rest_pjsip_trunks_defaults` (`provider_id`,`keyword`,`data`) VALUES (6,"fax_detect","no");
INSERT IGNORE INTO `rest_pjsip_trunks_defaults` (`provider_id`,`keyword`,`data`) VALUES (6,"forbidden_retry_interval","10");
INSERT IGNORE INTO `rest_pjsip_trunks_defaults` (`provider_id`,`keyword`,`data`) VALUES (6,"force_rport","yes");
INSERT IGNORE INTO `rest_pjsip_trunks_defaults` (`provider_id`,`keyword`,`data`) VALUES (6,"from_domain","77.239.128.13");
INSERT IGNORE INTO `rest_pjsip_trunks_defaults` (`provider_id`,`keyword`,`data`) VALUES (6,"hcid","on");
INSERT IGNORE INTO `rest_pjsip_trunks_defaults` (`provider_id`,`keyword`,`data`) VALUES (6,"identify_by","default");
INSERT IGNORE INTO `rest_pjsip_trunks_defaults` (`provider_id`,`keyword`,`data`) VALUES (6,"inband_progress","no");
INSERT IGNORE INTO `rest_pjsip_trunks_defaults` (`provider_id`,`keyword`,`data`) VALUES (6,"language","");
INSERT IGNORE INTO `rest_pjsip_trunks_defaults` (`provider_id`,`keyword`,`data`) VALUES (6,"match","");
INSERT IGNORE INTO `rest_pjsip_trunks_defaults` (`provider_id`,`keyword`,`data`) VALUES (6,"max_retries","10000");
INSERT IGNORE INTO `rest_pjsip_trunks_defaults` (`provider_id`,`keyword`,`data`) VALUES (6,"maxchans","");
INSERT IGNORE INTO `rest_pjsip_trunks_defaults` (`provider_id`,`keyword`,`data`) VALUES (6,"media_address","");
INSERT IGNORE INTO `rest_pjsip_trunks_defaults` (`provider_id`,`keyword`,`data`) VALUES (6,"media_encryption","no");
INSERT IGNORE INTO `rest_pjsip_trunks_defaults` (`provider_id`,`keyword`,`data`) VALUES (6,"message_context","");
INSERT IGNORE INTO `rest_pjsip_trunks_defaults` (`provider_id`,`keyword`,`data`) VALUES (6,"npanxx","");
INSERT IGNORE INTO `rest_pjsip_trunks_defaults` (`provider_id`,`keyword`,`data`) VALUES (6,"outbound_proxy","");
INSERT IGNORE INTO `rest_pjsip_trunks_defaults` (`provider_id`,`keyword`,`data`) VALUES (6,"peerdetails","");
INSERT IGNORE INTO `rest_pjsip_trunks_defaults` (`provider_id`,`keyword`,`data`) VALUES (6,"qualify_frequency","60");
INSERT IGNORE INTO `rest_pjsip_trunks_defaults` (`provider_id`,`keyword`,`data`) VALUES (6,"register","");
INSERT IGNORE INTO `rest_pjsip_trunks_defaults` (`provider_id`,`keyword`,`data`) VALUES (6,"registration","none");
INSERT IGNORE INTO `rest_pjsip_trunks_defaults` (`provider_id`,`keyword`,`data`) VALUES (6,"retry_interval","60");
INSERT IGNORE INTO `rest_pjsip_trunks_defaults` (`provider_id`,`keyword`,`data`) VALUES (6,"rewrite_contact","yes");
INSERT IGNORE INTO `rest_pjsip_trunks_defaults` (`provider_id`,`keyword`,`data`) VALUES (6,"rtp_symmetric","yes");
INSERT IGNORE INTO `rest_pjsip_trunks_defaults` (`provider_id`,`keyword`,`data`) VALUES (6,"sendrpid","no");
INSERT IGNORE INTO `rest_pjsip_trunks_defaults` (`provider_id`,`keyword`,`data`) VALUES (6,"server_uri","");
INSERT IGNORE INTO `rest_pjsip_trunks_defaults` (`provider_id`,`keyword`,`data`) VALUES (6,"sip_server","77.239.128.13");
INSERT IGNORE INTO `rest_pjsip_trunks_defaults` (`provider_id`,`keyword`,`data`) VALUES (6,"sip_server_port","5060");
INSERT IGNORE INTO `rest_pjsip_trunks_defaults` (`provider_id`,`keyword`,`data`) VALUES (6,"support_path","no");
INSERT IGNORE INTO `rest_pjsip_trunks_defaults` (`provider_id`,`keyword`,`data`) VALUES (6,"sv_usercontext","");
INSERT IGNORE INTO `rest_pjsip_trunks_defaults` (`provider_id`,`keyword`,`data`) VALUES (6,"t38_udptl","no");
INSERT IGNORE INTO `rest_pjsip_trunks_defaults` (`provider_id`,`keyword`,`data`) VALUES (6,"t38_udptl_ec","none");
INSERT IGNORE INTO `rest_pjsip_trunks_defaults` (`provider_id`,`keyword`,`data`) VALUES (6,"t38_udptl_maxdatagram","");
INSERT IGNORE INTO `rest_pjsip_trunks_defaults` (`provider_id`,`keyword`,`data`) VALUES (6,"t38_udptl_nat","no");
INSERT IGNORE INTO `rest_pjsip_trunks_defaults` (`provider_id`,`keyword`,`data`) VALUES (6,"transport","0.0.0.0-udp");
INSERT IGNORE INTO `rest_pjsip_trunks_defaults` (`provider_id`,`keyword`,`data`) VALUES (6,"trust_rpid","no");
INSERT IGNORE INTO `rest_pjsip_trunks_defaults` (`provider_id`,`keyword`,`data`) VALUES (6,"userconfig","");

/* Opensolution Sip */
INSERT IGNORE INTO `rest_pjsip_trunks_defaults` (`provider_id`,`keyword`,`data`) VALUES (7,"aor_contact","");
INSERT IGNORE INTO `rest_pjsip_trunks_defaults` (`provider_id`,`keyword`,`data`) VALUES (7,"aors","");
INSERT IGNORE INTO `rest_pjsip_trunks_defaults` (`provider_id`,`keyword`,`data`) VALUES (7,"auth_rejection_permanent","off");
INSERT IGNORE INTO `rest_pjsip_trunks_defaults` (`provider_id`,`keyword`,`data`) VALUES (7,"authentication","outbound");
INSERT IGNORE INTO `rest_pjsip_trunks_defaults` (`provider_id`,`keyword`,`data`) VALUES (7,"client_uri","");
INSERT IGNORE INTO `rest_pjsip_trunks_defaults` (`provider_id`,`keyword`,`data`) VALUES (7,"codecs","ulaw,alaw,gsm,g726,g722,g729");
INSERT IGNORE INTO `rest_pjsip_trunks_defaults` (`provider_id`,`keyword`,`data`) VALUES (7,"context","from-pstn-toheader");
INSERT IGNORE INTO `rest_pjsip_trunks_defaults` (`provider_id`,`keyword`,`data`) VALUES (7,"dialopts","");
INSERT IGNORE INTO `rest_pjsip_trunks_defaults` (`provider_id`,`keyword`,`data`) VALUES (7,"dialoutopts_cb","sys");
INSERT IGNORE INTO `rest_pjsip_trunks_defaults` (`provider_id`,`keyword`,`data`) VALUES (7,"direct_media","no");
INSERT IGNORE INTO `rest_pjsip_trunks_defaults` (`provider_id`,`keyword`,`data`) VALUES (7,"disabletrunk","off");
INSERT IGNORE INTO `rest_pjsip_trunks_defaults` (`provider_id`,`keyword`,`data`) VALUES (7,"dtmfmode","auto");
INSERT IGNORE INTO `rest_pjsip_trunks_defaults` (`provider_id`,`keyword`,`data`) VALUES (7,"expiration","300");
INSERT IGNORE INTO `rest_pjsip_trunks_defaults` (`provider_id`,`keyword`,`data`) VALUES (7,"failtrunk_enable","0");
INSERT IGNORE INTO `rest_pjsip_trunks_defaults` (`provider_id`,`keyword`,`data`) VALUES (7,"fatal_retry_interval","0");
INSERT IGNORE INTO `rest_pjsip_trunks_defaults` (`provider_id`,`keyword`,`data`) VALUES (7,"fax_detect","no");
INSERT IGNORE INTO `rest_pjsip_trunks_defaults` (`provider_id`,`keyword`,`data`) VALUES (7,"forbidden_retry_interval","10");
INSERT IGNORE INTO `rest_pjsip_trunks_defaults` (`provider_id`,`keyword`,`data`) VALUES (7,"force_rport","yes");
INSERT IGNORE INTO `rest_pjsip_trunks_defaults` (`provider_id`,`keyword`,`data`) VALUES (7,"from_domain","sip.opensolution.it");
INSERT IGNORE INTO `rest_pjsip_trunks_defaults` (`provider_id`,`keyword`,`data`) VALUES (7,"hcid","on");
INSERT IGNORE INTO `rest_pjsip_trunks_defaults` (`provider_id`,`keyword`,`data`) VALUES (7,"identify_by","default");
INSERT IGNORE INTO `rest_pjsip_trunks_defaults` (`provider_id`,`keyword`,`data`) VALUES (7,"inband_progress","no");
INSERT IGNORE INTO `rest_pjsip_trunks_defaults` (`provider_id`,`keyword`,`data`) VALUES (7,"language","");
INSERT IGNORE INTO `rest_pjsip_trunks_defaults` (`provider_id`,`keyword`,`data`) VALUES (7,"match","");
INSERT IGNORE INTO `rest_pjsip_trunks_defaults` (`provider_id`,`keyword`,`data`) VALUES (7,"max_retries","10000");
INSERT IGNORE INTO `rest_pjsip_trunks_defaults` (`provider_id`,`keyword`,`data`) VALUES (7,"maxchans","");
INSERT IGNORE INTO `rest_pjsip_trunks_defaults` (`provider_id`,`keyword`,`data`) VALUES (7,"media_address","");
INSERT IGNORE INTO `rest_pjsip_trunks_defaults` (`provider_id`,`keyword`,`data`) VALUES (7,"media_encryption","no");
INSERT IGNORE INTO `rest_pjsip_trunks_defaults` (`provider_id`,`keyword`,`data`) VALUES (7,"message_context","");
INSERT IGNORE INTO `rest_pjsip_trunks_defaults` (`provider_id`,`keyword`,`data`) VALUES (7,"npanxx","");
INSERT IGNORE INTO `rest_pjsip_trunks_defaults` (`provider_id`,`keyword`,`data`) VALUES (7,"outbound_proxy","");
INSERT IGNORE INTO `rest_pjsip_trunks_defaults` (`provider_id`,`keyword`,`data`) VALUES (7,"peerdetails","");
INSERT IGNORE INTO `rest_pjsip_trunks_defaults` (`provider_id`,`keyword`,`data`) VALUES (7,"qualify_frequency","60");
INSERT IGNORE INTO `rest_pjsip_trunks_defaults` (`provider_id`,`keyword`,`data`) VALUES (7,"register","");
INSERT IGNORE INTO `rest_pjsip_trunks_defaults` (`provider_id`,`keyword`,`data`) VALUES (7,"registration","send");
INSERT IGNORE INTO `rest_pjsip_trunks_defaults` (`provider_id`,`keyword`,`data`) VALUES (7,"retry_interval","60");
INSERT IGNORE INTO `rest_pjsip_trunks_defaults` (`provider_id`,`keyword`,`data`) VALUES (7,"rewrite_contact","yes");
INSERT IGNORE INTO `rest_pjsip_trunks_defaults` (`provider_id`,`keyword`,`data`) VALUES (7,"rtp_symmetric","yes");
INSERT IGNORE INTO `rest_pjsip_trunks_defaults` (`provider_id`,`keyword`,`data`) VALUES (7,"sendrpid","no");
INSERT IGNORE INTO `rest_pjsip_trunks_defaults` (`provider_id`,`keyword`,`data`) VALUES (7,"server_uri","");
INSERT IGNORE INTO `rest_pjsip_trunks_defaults` (`provider_id`,`keyword`,`data`) VALUES (7,"sip_server","sip.opensolution.it");
INSERT IGNORE INTO `rest_pjsip_trunks_defaults` (`provider_id`,`keyword`,`data`) VALUES (7,"sip_server_port","5060");
INSERT IGNORE INTO `rest_pjsip_trunks_defaults` (`provider_id`,`keyword`,`data`) VALUES (7,"support_path","no");
INSERT IGNORE INTO `rest_pjsip_trunks_defaults` (`provider_id`,`keyword`,`data`) VALUES (7,"sv_usercontext","");
INSERT IGNORE INTO `rest_pjsip_trunks_defaults` (`provider_id`,`keyword`,`data`) VALUES (7,"t38_udptl","no");
INSERT IGNORE INTO `rest_pjsip_trunks_defaults` (`provider_id`,`keyword`,`data`) VALUES (7,"t38_udptl_ec","none");
INSERT IGNORE INTO `rest_pjsip_trunks_defaults` (`provider_id`,`keyword`,`data`) VALUES (7,"t38_udptl_maxdatagram","");
INSERT IGNORE INTO `rest_pjsip_trunks_defaults` (`provider_id`,`keyword`,`data`) VALUES (7,"t38_udptl_nat","no");
INSERT IGNORE INTO `rest_pjsip_trunks_defaults` (`provider_id`,`keyword`,`data`) VALUES (7,"transport","0.0.0.0-udp");
INSERT IGNORE INTO `rest_pjsip_trunks_defaults` (`provider_id`,`keyword`,`data`) VALUES (7,"trust_rpid","no");
INSERT IGNORE INTO `rest_pjsip_trunks_defaults` (`provider_id`,`keyword`,`data`) VALUES (7,"userconfig","");

/* Opensolution Voip */
INSERT IGNORE INTO `rest_pjsip_trunks_defaults` (`provider_id`,`keyword`,`data`) VALUES (8,"aor_contact","");
INSERT IGNORE INTO `rest_pjsip_trunks_defaults` (`provider_id`,`keyword`,`data`) VALUES (8,"aors","");
INSERT IGNORE INTO `rest_pjsip_trunks_defaults` (`provider_id`,`keyword`,`data`) VALUES (8,"auth_rejection_permanent","off");
INSERT IGNORE INTO `rest_pjsip_trunks_defaults` (`provider_id`,`keyword`,`data`) VALUES (8,"authentication","outbound");
INSERT IGNORE INTO `rest_pjsip_trunks_defaults` (`provider_id`,`keyword`,`data`) VALUES (8,"client_uri","");
INSERT IGNORE INTO `rest_pjsip_trunks_defaults` (`provider_id`,`keyword`,`data`) VALUES (8,"codecs","ulaw,alaw,gsm,g726,g722,g729");
INSERT IGNORE INTO `rest_pjsip_trunks_defaults` (`provider_id`,`keyword`,`data`) VALUES (8,"context","from-pstn-toheader");
INSERT IGNORE INTO `rest_pjsip_trunks_defaults` (`provider_id`,`keyword`,`data`) VALUES (8,"dialopts","");
INSERT IGNORE INTO `rest_pjsip_trunks_defaults` (`provider_id`,`keyword`,`data`) VALUES (8,"dialoutopts_cb","sys");
INSERT IGNORE INTO `rest_pjsip_trunks_defaults` (`provider_id`,`keyword`,`data`) VALUES (8,"direct_media","no");
INSERT IGNORE INTO `rest_pjsip_trunks_defaults` (`provider_id`,`keyword`,`data`) VALUES (8,"disabletrunk","off");
INSERT IGNORE INTO `rest_pjsip_trunks_defaults` (`provider_id`,`keyword`,`data`) VALUES (8,"dtmfmode","auto");
INSERT IGNORE INTO `rest_pjsip_trunks_defaults` (`provider_id`,`keyword`,`data`) VALUES (8,"expiration","300");
INSERT IGNORE INTO `rest_pjsip_trunks_defaults` (`provider_id`,`keyword`,`data`) VALUES (8,"failtrunk_enable","0");
INSERT IGNORE INTO `rest_pjsip_trunks_defaults` (`provider_id`,`keyword`,`data`) VALUES (8,"fatal_retry_interval","0");
INSERT IGNORE INTO `rest_pjsip_trunks_defaults` (`provider_id`,`keyword`,`data`) VALUES (8,"fax_detect","no");
INSERT IGNORE INTO `rest_pjsip_trunks_defaults` (`provider_id`,`keyword`,`data`) VALUES (8,"forbidden_retry_interval","10");
INSERT IGNORE INTO `rest_pjsip_trunks_defaults` (`provider_id`,`keyword`,`data`) VALUES (8,"force_rport","yes");
INSERT IGNORE INTO `rest_pjsip_trunks_defaults` (`provider_id`,`keyword`,`data`) VALUES (8,"from_domain","voip.opensolution.it");
INSERT IGNORE INTO `rest_pjsip_trunks_defaults` (`provider_id`,`keyword`,`data`) VALUES (8,"hcid","on");
INSERT IGNORE INTO `rest_pjsip_trunks_defaults` (`provider_id`,`keyword`,`data`) VALUES (8,"identify_by","default");
INSERT IGNORE INTO `rest_pjsip_trunks_defaults` (`provider_id`,`keyword`,`data`) VALUES (8,"inband_progress","no");
INSERT IGNORE INTO `rest_pjsip_trunks_defaults` (`provider_id`,`keyword`,`data`) VALUES (8,"language","");
INSERT IGNORE INTO `rest_pjsip_trunks_defaults` (`provider_id`,`keyword`,`data`) VALUES (8,"match","");
INSERT IGNORE INTO `rest_pjsip_trunks_defaults` (`provider_id`,`keyword`,`data`) VALUES (8,"max_retries","10000");
INSERT IGNORE INTO `rest_pjsip_trunks_defaults` (`provider_id`,`keyword`,`data`) VALUES (8,"maxchans","");
INSERT IGNORE INTO `rest_pjsip_trunks_defaults` (`provider_id`,`keyword`,`data`) VALUES (8,"media_address","");
INSERT IGNORE INTO `rest_pjsip_trunks_defaults` (`provider_id`,`keyword`,`data`) VALUES (8,"media_encryption","no");
INSERT IGNORE INTO `rest_pjsip_trunks_defaults` (`provider_id`,`keyword`,`data`) VALUES (8,"message_context","");
INSERT IGNORE INTO `rest_pjsip_trunks_defaults` (`provider_id`,`keyword`,`data`) VALUES (8,"npanxx","");
INSERT IGNORE INTO `rest_pjsip_trunks_defaults` (`provider_id`,`keyword`,`data`) VALUES (8,"outbound_proxy","");
INSERT IGNORE INTO `rest_pjsip_trunks_defaults` (`provider_id`,`keyword`,`data`) VALUES (8,"peerdetails","");
INSERT IGNORE INTO `rest_pjsip_trunks_defaults` (`provider_id`,`keyword`,`data`) VALUES (8,"qualify_frequency","60");
INSERT IGNORE INTO `rest_pjsip_trunks_defaults` (`provider_id`,`keyword`,`data`) VALUES (8,"register","");
INSERT IGNORE INTO `rest_pjsip_trunks_defaults` (`provider_id`,`keyword`,`data`) VALUES (8,"registration","send");
INSERT IGNORE INTO `rest_pjsip_trunks_defaults` (`provider_id`,`keyword`,`data`) VALUES (8,"retry_interval","60");
INSERT IGNORE INTO `rest_pjsip_trunks_defaults` (`provider_id`,`keyword`,`data`) VALUES (8,"rewrite_contact","yes");
INSERT IGNORE INTO `rest_pjsip_trunks_defaults` (`provider_id`,`keyword`,`data`) VALUES (8,"rtp_symmetric","yes");
INSERT IGNORE INTO `rest_pjsip_trunks_defaults` (`provider_id`,`keyword`,`data`) VALUES (8,"sendrpid","no");
INSERT IGNORE INTO `rest_pjsip_trunks_defaults` (`provider_id`,`keyword`,`data`) VALUES (8,"server_uri","");
INSERT IGNORE INTO `rest_pjsip_trunks_defaults` (`provider_id`,`keyword`,`data`) VALUES (8,"sip_server","voip.opensolution.it");
INSERT IGNORE INTO `rest_pjsip_trunks_defaults` (`provider_id`,`keyword`,`data`) VALUES (8,"sip_server_port","5060");
INSERT IGNORE INTO `rest_pjsip_trunks_defaults` (`provider_id`,`keyword`,`data`) VALUES (8,"support_path","no");
INSERT IGNORE INTO `rest_pjsip_trunks_defaults` (`provider_id`,`keyword`,`data`) VALUES (8,"sv_usercontext","");
INSERT IGNORE INTO `rest_pjsip_trunks_defaults` (`provider_id`,`keyword`,`data`) VALUES (8,"t38_udptl","no");
INSERT IGNORE INTO `rest_pjsip_trunks_defaults` (`provider_id`,`keyword`,`data`) VALUES (8,"t38_udptl_ec","none");
INSERT IGNORE INTO `rest_pjsip_trunks_defaults` (`provider_id`,`keyword`,`data`) VALUES (8,"t38_udptl_maxdatagram","");
INSERT IGNORE INTO `rest_pjsip_trunks_defaults` (`provider_id`,`keyword`,`data`) VALUES (8,"t38_udptl_nat","no");
INSERT IGNORE INTO `rest_pjsip_trunks_defaults` (`provider_id`,`keyword`,`data`) VALUES (8,"transport","0.0.0.0-udp");
INSERT IGNORE INTO `rest_pjsip_trunks_defaults` (`provider_id`,`keyword`,`data`) VALUES (8,"trust_rpid","no");
INSERT IGNORE INTO `rest_pjsip_trunks_defaults` (`provider_id`,`keyword`,`data`) VALUES (8,"userconfig","");

/* Plink */
INSERT IGNORE INTO `rest_pjsip_trunks_defaults` (`provider_id`,`keyword`,`data`) VALUES (9,"aor_contact","");
INSERT IGNORE INTO `rest_pjsip_trunks_defaults` (`provider_id`,`keyword`,`data`) VALUES (9,"aors","");
INSERT IGNORE INTO `rest_pjsip_trunks_defaults` (`provider_id`,`keyword`,`data`) VALUES (9,"auth_rejection_permanent","off");
INSERT IGNORE INTO `rest_pjsip_trunks_defaults` (`provider_id`,`keyword`,`data`) VALUES (9,"authentication","outbound");
INSERT IGNORE INTO `rest_pjsip_trunks_defaults` (`provider_id`,`keyword`,`data`) VALUES (9,"client_uri","");
INSERT IGNORE INTO `rest_pjsip_trunks_defaults` (`provider_id`,`keyword`,`data`) VALUES (9,"codecs","ulaw,alaw,gsm,g726,g722,g729");
INSERT IGNORE INTO `rest_pjsip_trunks_defaults` (`provider_id`,`keyword`,`data`) VALUES (9,"context","from-pstn-toheader");
INSERT IGNORE INTO `rest_pjsip_trunks_defaults` (`provider_id`,`keyword`,`data`) VALUES (9,"dialopts","");
INSERT IGNORE INTO `rest_pjsip_trunks_defaults` (`provider_id`,`keyword`,`data`) VALUES (9,"dialoutopts_cb","sys");
INSERT IGNORE INTO `rest_pjsip_trunks_defaults` (`provider_id`,`keyword`,`data`) VALUES (9,"direct_media","no");
INSERT IGNORE INTO `rest_pjsip_trunks_defaults` (`provider_id`,`keyword`,`data`) VALUES (9,"disabletrunk","off");
INSERT IGNORE INTO `rest_pjsip_trunks_defaults` (`provider_id`,`keyword`,`data`) VALUES (9,"dtmfmode","auto");
INSERT IGNORE INTO `rest_pjsip_trunks_defaults` (`provider_id`,`keyword`,`data`) VALUES (9,"expiration","300");
INSERT IGNORE INTO `rest_pjsip_trunks_defaults` (`provider_id`,`keyword`,`data`) VALUES (9,"failtrunk_enable","0");
INSERT IGNORE INTO `rest_pjsip_trunks_defaults` (`provider_id`,`keyword`,`data`) VALUES (9,"fatal_retry_interval","0");
INSERT IGNORE INTO `rest_pjsip_trunks_defaults` (`provider_id`,`keyword`,`data`) VALUES (9,"fax_detect","no");
INSERT IGNORE INTO `rest_pjsip_trunks_defaults` (`provider_id`,`keyword`,`data`) VALUES (9,"forbidden_retry_interval","10");
INSERT IGNORE INTO `rest_pjsip_trunks_defaults` (`provider_id`,`keyword`,`data`) VALUES (9,"force_rport","yes");
INSERT IGNORE INTO `rest_pjsip_trunks_defaults` (`provider_id`,`keyword`,`data`) VALUES (9,"from_domain","sipuser.plink.it");
INSERT IGNORE INTO `rest_pjsip_trunks_defaults` (`provider_id`,`keyword`,`data`) VALUES (9,"hcid","on");
INSERT IGNORE INTO `rest_pjsip_trunks_defaults` (`provider_id`,`keyword`,`data`) VALUES (9,"identify_by","default");
INSERT IGNORE INTO `rest_pjsip_trunks_defaults` (`provider_id`,`keyword`,`data`) VALUES (9,"inband_progress","no");
INSERT IGNORE INTO `rest_pjsip_trunks_defaults` (`provider_id`,`keyword`,`data`) VALUES (9,"language","");
INSERT IGNORE INTO `rest_pjsip_trunks_defaults` (`provider_id`,`keyword`,`data`) VALUES (9,"match","");
INSERT IGNORE INTO `rest_pjsip_trunks_defaults` (`provider_id`,`keyword`,`data`) VALUES (9,"max_retries","10000");
INSERT IGNORE INTO `rest_pjsip_trunks_defaults` (`provider_id`,`keyword`,`data`) VALUES (9,"maxchans","");
INSERT IGNORE INTO `rest_pjsip_trunks_defaults` (`provider_id`,`keyword`,`data`) VALUES (9,"media_address","");
INSERT IGNORE INTO `rest_pjsip_trunks_defaults` (`provider_id`,`keyword`,`data`) VALUES (9,"media_encryption","no");
INSERT IGNORE INTO `rest_pjsip_trunks_defaults` (`provider_id`,`keyword`,`data`) VALUES (9,"message_context","");
INSERT IGNORE INTO `rest_pjsip_trunks_defaults` (`provider_id`,`keyword`,`data`) VALUES (9,"npanxx","");
INSERT IGNORE INTO `rest_pjsip_trunks_defaults` (`provider_id`,`keyword`,`data`) VALUES (9,"outbound_proxy","");
INSERT IGNORE INTO `rest_pjsip_trunks_defaults` (`provider_id`,`keyword`,`data`) VALUES (9,"peerdetails","");
INSERT IGNORE INTO `rest_pjsip_trunks_defaults` (`provider_id`,`keyword`,`data`) VALUES (9,"qualify_frequency","60");
INSERT IGNORE INTO `rest_pjsip_trunks_defaults` (`provider_id`,`keyword`,`data`) VALUES (9,"register","");
INSERT IGNORE INTO `rest_pjsip_trunks_defaults` (`provider_id`,`keyword`,`data`) VALUES (9,"registration","send");
INSERT IGNORE INTO `rest_pjsip_trunks_defaults` (`provider_id`,`keyword`,`data`) VALUES (9,"retry_interval","60");
INSERT IGNORE INTO `rest_pjsip_trunks_defaults` (`provider_id`,`keyword`,`data`) VALUES (9,"rewrite_contact","yes");
INSERT IGNORE INTO `rest_pjsip_trunks_defaults` (`provider_id`,`keyword`,`data`) VALUES (9,"rtp_symmetric","yes");
INSERT IGNORE INTO `rest_pjsip_trunks_defaults` (`provider_id`,`keyword`,`data`) VALUES (9,"sendrpid","no");
INSERT IGNORE INTO `rest_pjsip_trunks_defaults` (`provider_id`,`keyword`,`data`) VALUES (9,"server_uri","");
INSERT IGNORE INTO `rest_pjsip_trunks_defaults` (`provider_id`,`keyword`,`data`) VALUES (9,"sip_server","sipuser.plink.it");
INSERT IGNORE INTO `rest_pjsip_trunks_defaults` (`provider_id`,`keyword`,`data`) VALUES (9,"sip_server_port","5060");
INSERT IGNORE INTO `rest_pjsip_trunks_defaults` (`provider_id`,`keyword`,`data`) VALUES (9,"support_path","no");
INSERT IGNORE INTO `rest_pjsip_trunks_defaults` (`provider_id`,`keyword`,`data`) VALUES (9,"sv_usercontext","");
INSERT IGNORE INTO `rest_pjsip_trunks_defaults` (`provider_id`,`keyword`,`data`) VALUES (9,"t38_udptl","no");
INSERT IGNORE INTO `rest_pjsip_trunks_defaults` (`provider_id`,`keyword`,`data`) VALUES (9,"t38_udptl_ec","none");
INSERT IGNORE INTO `rest_pjsip_trunks_defaults` (`provider_id`,`keyword`,`data`) VALUES (9,"t38_udptl_maxdatagram","");
INSERT IGNORE INTO `rest_pjsip_trunks_defaults` (`provider_id`,`keyword`,`data`) VALUES (9,"t38_udptl_nat","no");
INSERT IGNORE INTO `rest_pjsip_trunks_defaults` (`provider_id`,`keyword`,`data`) VALUES (9,"transport","0.0.0.0-udp");
INSERT IGNORE INTO `rest_pjsip_trunks_defaults` (`provider_id`,`keyword`,`data`) VALUES (9,"trust_rpid","no");
INSERT IGNORE INTO `rest_pjsip_trunks_defaults` (`provider_id`,`keyword`,`data`) VALUES (9,"userconfig","");

/* Six Comm Group */
INSERT IGNORE INTO `rest_pjsip_trunks_defaults` (`provider_id`,`keyword`,`data`) VALUES (10,"aor_contact","");
INSERT IGNORE INTO `rest_pjsip_trunks_defaults` (`provider_id`,`keyword`,`data`) VALUES (10,"aors","");
INSERT IGNORE INTO `rest_pjsip_trunks_defaults` (`provider_id`,`keyword`,`data`) VALUES (10,"auth_rejection_permanent","off");
INSERT IGNORE INTO `rest_pjsip_trunks_defaults` (`provider_id`,`keyword`,`data`) VALUES (10,"authentication","outbound");
INSERT IGNORE INTO `rest_pjsip_trunks_defaults` (`provider_id`,`keyword`,`data`) VALUES (10,"client_uri","");
INSERT IGNORE INTO `rest_pjsip_trunks_defaults` (`provider_id`,`keyword`,`data`) VALUES (10,"codecs","g729");
INSERT IGNORE INTO `rest_pjsip_trunks_defaults` (`provider_id`,`keyword`,`data`) VALUES (10,"context","from-pstn-toheader");
INSERT IGNORE INTO `rest_pjsip_trunks_defaults` (`provider_id`,`keyword`,`data`) VALUES (10,"dialoutopts_cb","");
INSERT IGNORE INTO `rest_pjsip_trunks_defaults` (`provider_id`,`keyword`,`data`) VALUES (10,"direct_media","no");
INSERT IGNORE INTO `rest_pjsip_trunks_defaults` (`provider_id`,`keyword`,`data`) VALUES (10,"disabletrunk","off");
INSERT IGNORE INTO `rest_pjsip_trunks_defaults` (`provider_id`,`keyword`,`data`) VALUES (10,"dtmfmode","auto");
INSERT IGNORE INTO `rest_pjsip_trunks_defaults` (`provider_id`,`keyword`,`data`) VALUES (10,"expiration","300");
INSERT IGNORE INTO `rest_pjsip_trunks_defaults` (`provider_id`,`keyword`,`data`) VALUES (10,"failtrunk_enable","off");
INSERT IGNORE INTO `rest_pjsip_trunks_defaults` (`provider_id`,`keyword`,`data`) VALUES (10,"fatal_retry_interval","0");
INSERT IGNORE INTO `rest_pjsip_trunks_defaults` (`provider_id`,`keyword`,`data`) VALUES (10,"fax_detect","no");
INSERT IGNORE INTO `rest_pjsip_trunks_defaults` (`provider_id`,`keyword`,`data`) VALUES (10,"forbidden_retry_interval","10");
INSERT IGNORE INTO `rest_pjsip_trunks_defaults` (`provider_id`,`keyword`,`data`) VALUES (10,"force_rport","yes");
INSERT IGNORE INTO `rest_pjsip_trunks_defaults` (`provider_id`,`keyword`,`data`) VALUES (10,"from_domain","");
INSERT IGNORE INTO `rest_pjsip_trunks_defaults` (`provider_id`,`keyword`,`data`) VALUES (10,"hcid","on");
INSERT IGNORE INTO `rest_pjsip_trunks_defaults` (`provider_id`,`keyword`,`data`) VALUES (10,"identify_by","default");
INSERT IGNORE INTO `rest_pjsip_trunks_defaults` (`provider_id`,`keyword`,`data`) VALUES (10,"inband_progress","no");
INSERT IGNORE INTO `rest_pjsip_trunks_defaults` (`provider_id`,`keyword`,`data`) VALUES (10,"language","");
INSERT IGNORE INTO `rest_pjsip_trunks_defaults` (`provider_id`,`keyword`,`data`) VALUES (10,"match","");
INSERT IGNORE INTO `rest_pjsip_trunks_defaults` (`provider_id`,`keyword`,`data`) VALUES (10,"max_retries","10000");
INSERT IGNORE INTO `rest_pjsip_trunks_defaults` (`provider_id`,`keyword`,`data`) VALUES (10,"media_address","");
INSERT IGNORE INTO `rest_pjsip_trunks_defaults` (`provider_id`,`keyword`,`data`) VALUES (10,"media_encryption","sdes");
INSERT IGNORE INTO `rest_pjsip_trunks_defaults` (`provider_id`,`keyword`,`data`) VALUES (10,"message_context","");
INSERT IGNORE INTO `rest_pjsip_trunks_defaults` (`provider_id`,`keyword`,`data`) VALUES (10,"npanxx","");
INSERT IGNORE INTO `rest_pjsip_trunks_defaults` (`provider_id`,`keyword`,`data`) VALUES (10,"outbound_proxy","pcscf.sixcomm.net");
INSERT IGNORE INTO `rest_pjsip_trunks_defaults` (`provider_id`,`keyword`,`data`) VALUES (10,"qualify_frequency","60");
INSERT IGNORE INTO `rest_pjsip_trunks_defaults` (`provider_id`,`keyword`,`data`) VALUES (10,"register","");
INSERT IGNORE INTO `rest_pjsip_trunks_defaults` (`provider_id`,`keyword`,`data`) VALUES (10,"registration","send");
INSERT IGNORE INTO `rest_pjsip_trunks_defaults` (`provider_id`,`keyword`,`data`) VALUES (10,"retry_interval","60");
INSERT IGNORE INTO `rest_pjsip_trunks_defaults` (`provider_id`,`keyword`,`data`) VALUES (10,"rewrite_contact","yes");
INSERT IGNORE INTO `rest_pjsip_trunks_defaults` (`provider_id`,`keyword`,`data`) VALUES (10,"rtp_symmetric","yes");
INSERT IGNORE INTO `rest_pjsip_trunks_defaults` (`provider_id`,`keyword`,`data`) VALUES (10,"sendrpid","no");
INSERT IGNORE INTO `rest_pjsip_trunks_defaults` (`provider_id`,`keyword`,`data`) VALUES (10,"server_uri","");
INSERT IGNORE INTO `rest_pjsip_trunks_defaults` (`provider_id`,`keyword`,`data`) VALUES (10,"sip_server","voip.sixcomm.net");
INSERT IGNORE INTO `rest_pjsip_trunks_defaults` (`provider_id`,`keyword`,`data`) VALUES (10,"sip_server_port","5060");
INSERT IGNORE INTO `rest_pjsip_trunks_defaults` (`provider_id`,`keyword`,`data`) VALUES (10,"support_path","no");
INSERT IGNORE INTO `rest_pjsip_trunks_defaults` (`provider_id`,`keyword`,`data`) VALUES (10,"sv_usercontext","");
INSERT IGNORE INTO `rest_pjsip_trunks_defaults` (`provider_id`,`keyword`,`data`) VALUES (10,"t38_udptl","no");
INSERT IGNORE INTO `rest_pjsip_trunks_defaults` (`provider_id`,`keyword`,`data`) VALUES (10,"t38_udptl_ec","none");
INSERT IGNORE INTO `rest_pjsip_trunks_defaults` (`provider_id`,`keyword`,`data`) VALUES (10,"t38_udptl_maxdatagram","");
INSERT IGNORE INTO `rest_pjsip_trunks_defaults` (`provider_id`,`keyword`,`data`) VALUES (10,"t38_udptl_nat","no");
INSERT IGNORE INTO `rest_pjsip_trunks_defaults` (`provider_id`,`keyword`,`data`) VALUES (10,"transport","0.0.0.0-udp");
INSERT IGNORE INTO `rest_pjsip_trunks_defaults` (`provider_id`,`keyword`,`data`) VALUES (10,"trust_rpid","no");

/* Talkho */
INSERT IGNORE INTO `rest_pjsip_trunks_defaults` (`provider_id`,`keyword`,`data`) VALUES (11,"aor_contact","");
INSERT IGNORE INTO `rest_pjsip_trunks_defaults` (`provider_id`,`keyword`,`data`) VALUES (11,"aors","");
INSERT IGNORE INTO `rest_pjsip_trunks_defaults` (`provider_id`,`keyword`,`data`) VALUES (11,"auth_rejection_permanent","off");
INSERT IGNORE INTO `rest_pjsip_trunks_defaults` (`provider_id`,`keyword`,`data`) VALUES (11,"authentication","outbound");
INSERT IGNORE INTO `rest_pjsip_trunks_defaults` (`provider_id`,`keyword`,`data`) VALUES (11,"client_uri","");
INSERT IGNORE INTO `rest_pjsip_trunks_defaults` (`provider_id`,`keyword`,`data`) VALUES (11,"codecs","ulaw,alaw,gsm,g726,g722,g729");
INSERT IGNORE INTO `rest_pjsip_trunks_defaults` (`provider_id`,`keyword`,`data`) VALUES (11,"context","from-pstn-toheader");
INSERT IGNORE INTO `rest_pjsip_trunks_defaults` (`provider_id`,`keyword`,`data`) VALUES (11,"dialopts","");
INSERT IGNORE INTO `rest_pjsip_trunks_defaults` (`provider_id`,`keyword`,`data`) VALUES (11,"dialoutopts_cb","sys");
INSERT IGNORE INTO `rest_pjsip_trunks_defaults` (`provider_id`,`keyword`,`data`) VALUES (11,"direct_media","no");
INSERT IGNORE INTO `rest_pjsip_trunks_defaults` (`provider_id`,`keyword`,`data`) VALUES (11,"disabletrunk","off");
INSERT IGNORE INTO `rest_pjsip_trunks_defaults` (`provider_id`,`keyword`,`data`) VALUES (11,"dtmfmode","auto");
INSERT IGNORE INTO `rest_pjsip_trunks_defaults` (`provider_id`,`keyword`,`data`) VALUES (11,"expiration","300");
INSERT IGNORE INTO `rest_pjsip_trunks_defaults` (`provider_id`,`keyword`,`data`) VALUES (11,"failtrunk_enable","0");
INSERT IGNORE INTO `rest_pjsip_trunks_defaults` (`provider_id`,`keyword`,`data`) VALUES (11,"fatal_retry_interval","0");
INSERT IGNORE INTO `rest_pjsip_trunks_defaults` (`provider_id`,`keyword`,`data`) VALUES (11,"fax_detect","no");
INSERT IGNORE INTO `rest_pjsip_trunks_defaults` (`provider_id`,`keyword`,`data`) VALUES (11,"forbidden_retry_interval","10");
INSERT IGNORE INTO `rest_pjsip_trunks_defaults` (`provider_id`,`keyword`,`data`) VALUES (11,"force_rport","yes");
INSERT IGNORE INTO `rest_pjsip_trunks_defaults` (`provider_id`,`keyword`,`data`) VALUES (11,"from_domain","sip.talkho.com");
INSERT IGNORE INTO `rest_pjsip_trunks_defaults` (`provider_id`,`keyword`,`data`) VALUES (11,"hcid","on");
INSERT IGNORE INTO `rest_pjsip_trunks_defaults` (`provider_id`,`keyword`,`data`) VALUES (11,"identify_by","default");
INSERT IGNORE INTO `rest_pjsip_trunks_defaults` (`provider_id`,`keyword`,`data`) VALUES (11,"inband_progress","no");
INSERT IGNORE INTO `rest_pjsip_trunks_defaults` (`provider_id`,`keyword`,`data`) VALUES (11,"language","");
INSERT IGNORE INTO `rest_pjsip_trunks_defaults` (`provider_id`,`keyword`,`data`) VALUES (11,"match","");
INSERT IGNORE INTO `rest_pjsip_trunks_defaults` (`provider_id`,`keyword`,`data`) VALUES (11,"max_retries","10000");
INSERT IGNORE INTO `rest_pjsip_trunks_defaults` (`provider_id`,`keyword`,`data`) VALUES (11,"maxchans","");
INSERT IGNORE INTO `rest_pjsip_trunks_defaults` (`provider_id`,`keyword`,`data`) VALUES (11,"media_address","");
INSERT IGNORE INTO `rest_pjsip_trunks_defaults` (`provider_id`,`keyword`,`data`) VALUES (11,"media_encryption","no");
INSERT IGNORE INTO `rest_pjsip_trunks_defaults` (`provider_id`,`keyword`,`data`) VALUES (11,"message_context","");
INSERT IGNORE INTO `rest_pjsip_trunks_defaults` (`provider_id`,`keyword`,`data`) VALUES (11,"npanxx","");
INSERT IGNORE INTO `rest_pjsip_trunks_defaults` (`provider_id`,`keyword`,`data`) VALUES (11,"outbound_proxy","");
INSERT IGNORE INTO `rest_pjsip_trunks_defaults` (`provider_id`,`keyword`,`data`) VALUES (11,"peerdetails","");
INSERT IGNORE INTO `rest_pjsip_trunks_defaults` (`provider_id`,`keyword`,`data`) VALUES (11,"qualify_frequency","60");
INSERT IGNORE INTO `rest_pjsip_trunks_defaults` (`provider_id`,`keyword`,`data`) VALUES (11,"register","");
INSERT IGNORE INTO `rest_pjsip_trunks_defaults` (`provider_id`,`keyword`,`data`) VALUES (11,"registration","send");
INSERT IGNORE INTO `rest_pjsip_trunks_defaults` (`provider_id`,`keyword`,`data`) VALUES (11,"retry_interval","60");
INSERT IGNORE INTO `rest_pjsip_trunks_defaults` (`provider_id`,`keyword`,`data`) VALUES (11,"rewrite_contact","yes");
INSERT IGNORE INTO `rest_pjsip_trunks_defaults` (`provider_id`,`keyword`,`data`) VALUES (11,"rtp_symmetric","yes");
INSERT IGNORE INTO `rest_pjsip_trunks_defaults` (`provider_id`,`keyword`,`data`) VALUES (11,"sendrpid","no");
INSERT IGNORE INTO `rest_pjsip_trunks_defaults` (`provider_id`,`keyword`,`data`) VALUES (11,"server_uri","");
INSERT IGNORE INTO `rest_pjsip_trunks_defaults` (`provider_id`,`keyword`,`data`) VALUES (11,"sip_server","sip.talkho.com");
INSERT IGNORE INTO `rest_pjsip_trunks_defaults` (`provider_id`,`keyword`,`data`) VALUES (11,"sip_server_port","5060");
INSERT IGNORE INTO `rest_pjsip_trunks_defaults` (`provider_id`,`keyword`,`data`) VALUES (11,"support_path","no");
INSERT IGNORE INTO `rest_pjsip_trunks_defaults` (`provider_id`,`keyword`,`data`) VALUES (11,"sv_usercontext","");
INSERT IGNORE INTO `rest_pjsip_trunks_defaults` (`provider_id`,`keyword`,`data`) VALUES (11,"t38_udptl","no");
INSERT IGNORE INTO `rest_pjsip_trunks_defaults` (`provider_id`,`keyword`,`data`) VALUES (11,"t38_udptl_ec","none");
INSERT IGNORE INTO `rest_pjsip_trunks_defaults` (`provider_id`,`keyword`,`data`) VALUES (11,"t38_udptl_maxdatagram","");
INSERT IGNORE INTO `rest_pjsip_trunks_defaults` (`provider_id`,`keyword`,`data`) VALUES (11,"t38_udptl_nat","no");
INSERT IGNORE INTO `rest_pjsip_trunks_defaults` (`provider_id`,`keyword`,`data`) VALUES (11,"transport","0.0.0.0-udp");
INSERT IGNORE INTO `rest_pjsip_trunks_defaults` (`provider_id`,`keyword`,`data`) VALUES (11,"trust_rpid","no");
INSERT IGNORE INTO `rest_pjsip_trunks_defaults` (`provider_id`,`keyword`,`data`) VALUES (11,"userconfig","");

/* Timenet */
INSERT IGNORE INTO `rest_pjsip_trunks_defaults` (`provider_id`,`keyword`,`data`) VALUES (12,"aor_contact","");
INSERT IGNORE INTO `rest_pjsip_trunks_defaults` (`provider_id`,`keyword`,`data`) VALUES (12,"aors","");
INSERT IGNORE INTO `rest_pjsip_trunks_defaults` (`provider_id`,`keyword`,`data`) VALUES (12,"auth_rejection_permanent","off");
INSERT IGNORE INTO `rest_pjsip_trunks_defaults` (`provider_id`,`keyword`,`data`) VALUES (12,"authentication","outbound");
INSERT IGNORE INTO `rest_pjsip_trunks_defaults` (`provider_id`,`keyword`,`data`) VALUES (12,"client_uri","");
INSERT IGNORE INTO `rest_pjsip_trunks_defaults` (`provider_id`,`keyword`,`data`) VALUES (12,"codecs","ulaw,alaw,gsm,g726,g722,g729");
INSERT IGNORE INTO `rest_pjsip_trunks_defaults` (`provider_id`,`keyword`,`data`) VALUES (12,"context","from-pstn-toheader");
INSERT IGNORE INTO `rest_pjsip_trunks_defaults` (`provider_id`,`keyword`,`data`) VALUES (12,"dialopts","");
INSERT IGNORE INTO `rest_pjsip_trunks_defaults` (`provider_id`,`keyword`,`data`) VALUES (12,"dialoutopts_cb","sys");
INSERT IGNORE INTO `rest_pjsip_trunks_defaults` (`provider_id`,`keyword`,`data`) VALUES (12,"direct_media","no");
INSERT IGNORE INTO `rest_pjsip_trunks_defaults` (`provider_id`,`keyword`,`data`) VALUES (12,"disabletrunk","off");
INSERT IGNORE INTO `rest_pjsip_trunks_defaults` (`provider_id`,`keyword`,`data`) VALUES (12,"dtmfmode","auto");
INSERT IGNORE INTO `rest_pjsip_trunks_defaults` (`provider_id`,`keyword`,`data`) VALUES (12,"expiration","300");
INSERT IGNORE INTO `rest_pjsip_trunks_defaults` (`provider_id`,`keyword`,`data`) VALUES (12,"failtrunk_enable","0");
INSERT IGNORE INTO `rest_pjsip_trunks_defaults` (`provider_id`,`keyword`,`data`) VALUES (12,"fatal_retry_interval","0");
INSERT IGNORE INTO `rest_pjsip_trunks_defaults` (`provider_id`,`keyword`,`data`) VALUES (12,"fax_detect","no");
INSERT IGNORE INTO `rest_pjsip_trunks_defaults` (`provider_id`,`keyword`,`data`) VALUES (12,"forbidden_retry_interval","10");
INSERT IGNORE INTO `rest_pjsip_trunks_defaults` (`provider_id`,`keyword`,`data`) VALUES (12,"force_rport","yes");
INSERT IGNORE INTO `rest_pjsip_trunks_defaults` (`provider_id`,`keyword`,`data`) VALUES (12,"from_domain","sbc.voipvox.it");
INSERT IGNORE INTO `rest_pjsip_trunks_defaults` (`provider_id`,`keyword`,`data`) VALUES (12,"hcid","on");
INSERT IGNORE INTO `rest_pjsip_trunks_defaults` (`provider_id`,`keyword`,`data`) VALUES (12,"identify_by","default");
INSERT IGNORE INTO `rest_pjsip_trunks_defaults` (`provider_id`,`keyword`,`data`) VALUES (12,"inband_progress","no");
INSERT IGNORE INTO `rest_pjsip_trunks_defaults` (`provider_id`,`keyword`,`data`) VALUES (12,"language","");
INSERT IGNORE INTO `rest_pjsip_trunks_defaults` (`provider_id`,`keyword`,`data`) VALUES (12,"match","");
INSERT IGNORE INTO `rest_pjsip_trunks_defaults` (`provider_id`,`keyword`,`data`) VALUES (12,"max_retries","10000");
INSERT IGNORE INTO `rest_pjsip_trunks_defaults` (`provider_id`,`keyword`,`data`) VALUES (12,"maxchans","");
INSERT IGNORE INTO `rest_pjsip_trunks_defaults` (`provider_id`,`keyword`,`data`) VALUES (12,"media_address","");
INSERT IGNORE INTO `rest_pjsip_trunks_defaults` (`provider_id`,`keyword`,`data`) VALUES (12,"media_encryption","no");
INSERT IGNORE INTO `rest_pjsip_trunks_defaults` (`provider_id`,`keyword`,`data`) VALUES (12,"message_context","");
INSERT IGNORE INTO `rest_pjsip_trunks_defaults` (`provider_id`,`keyword`,`data`) VALUES (12,"npanxx","");
INSERT IGNORE INTO `rest_pjsip_trunks_defaults` (`provider_id`,`keyword`,`data`) VALUES (12,"outbound_proxy","");
INSERT IGNORE INTO `rest_pjsip_trunks_defaults` (`provider_id`,`keyword`,`data`) VALUES (12,"peerdetails","");
INSERT IGNORE INTO `rest_pjsip_trunks_defaults` (`provider_id`,`keyword`,`data`) VALUES (12,"qualify_frequency","60");
INSERT IGNORE INTO `rest_pjsip_trunks_defaults` (`provider_id`,`keyword`,`data`) VALUES (12,"register","");
INSERT IGNORE INTO `rest_pjsip_trunks_defaults` (`provider_id`,`keyword`,`data`) VALUES (12,"registration","send");
INSERT IGNORE INTO `rest_pjsip_trunks_defaults` (`provider_id`,`keyword`,`data`) VALUES (12,"retry_interval","60");
INSERT IGNORE INTO `rest_pjsip_trunks_defaults` (`provider_id`,`keyword`,`data`) VALUES (12,"rewrite_contact","yes");
INSERT IGNORE INTO `rest_pjsip_trunks_defaults` (`provider_id`,`keyword`,`data`) VALUES (12,"rtp_symmetric","yes");
INSERT IGNORE INTO `rest_pjsip_trunks_defaults` (`provider_id`,`keyword`,`data`) VALUES (12,"sendrpid","no");
INSERT IGNORE INTO `rest_pjsip_trunks_defaults` (`provider_id`,`keyword`,`data`) VALUES (12,"server_uri","");
INSERT IGNORE INTO `rest_pjsip_trunks_defaults` (`provider_id`,`keyword`,`data`) VALUES (12,"sip_server","sbc.voipvox.it");
INSERT IGNORE INTO `rest_pjsip_trunks_defaults` (`provider_id`,`keyword`,`data`) VALUES (12,"sip_server_port","5060");
INSERT IGNORE INTO `rest_pjsip_trunks_defaults` (`provider_id`,`keyword`,`data`) VALUES (12,"support_path","no");
INSERT IGNORE INTO `rest_pjsip_trunks_defaults` (`provider_id`,`keyword`,`data`) VALUES (12,"sv_usercontext","");
INSERT IGNORE INTO `rest_pjsip_trunks_defaults` (`provider_id`,`keyword`,`data`) VALUES (12,"t38_udptl","no");
INSERT IGNORE INTO `rest_pjsip_trunks_defaults` (`provider_id`,`keyword`,`data`) VALUES (12,"t38_udptl_ec","none");
INSERT IGNORE INTO `rest_pjsip_trunks_defaults` (`provider_id`,`keyword`,`data`) VALUES (12,"t38_udptl_maxdatagram","");
INSERT IGNORE INTO `rest_pjsip_trunks_defaults` (`provider_id`,`keyword`,`data`) VALUES (12,"t38_udptl_nat","no");
INSERT IGNORE INTO `rest_pjsip_trunks_defaults` (`provider_id`,`keyword`,`data`) VALUES (12,"transport","0.0.0.0-udp");
INSERT IGNORE INTO `rest_pjsip_trunks_defaults` (`provider_id`,`keyword`,`data`) VALUES (12,"trust_rpid","no");
INSERT IGNORE INTO `rest_pjsip_trunks_defaults` (`provider_id`,`keyword`,`data`) VALUES (12,"userconfig","");

/* TWT */
INSERT IGNORE INTO `rest_pjsip_trunks_defaults` (`provider_id`,`keyword`,`data`) VALUES (13,"aor_contact","");
INSERT IGNORE INTO `rest_pjsip_trunks_defaults` (`provider_id`,`keyword`,`data`) VALUES (13,"aors","");
INSERT IGNORE INTO `rest_pjsip_trunks_defaults` (`provider_id`,`keyword`,`data`) VALUES (13,"auth_rejection_permanent","off");
INSERT IGNORE INTO `rest_pjsip_trunks_defaults` (`provider_id`,`keyword`,`data`) VALUES (13,"authentication","outbound");
INSERT IGNORE INTO `rest_pjsip_trunks_defaults` (`provider_id`,`keyword`,`data`) VALUES (13,"client_uri","");
INSERT IGNORE INTO `rest_pjsip_trunks_defaults` (`provider_id`,`keyword`,`data`) VALUES (13,"codecs","ulaw,alaw,gsm,g726,g722,g729");
INSERT IGNORE INTO `rest_pjsip_trunks_defaults` (`provider_id`,`keyword`,`data`) VALUES (13,"context","from-pstn");
INSERT IGNORE INTO `rest_pjsip_trunks_defaults` (`provider_id`,`keyword`,`data`) VALUES (13,"dialopts","");
INSERT IGNORE INTO `rest_pjsip_trunks_defaults` (`provider_id`,`keyword`,`data`) VALUES (13,"dialoutopts_cb","sys");
INSERT IGNORE INTO `rest_pjsip_trunks_defaults` (`provider_id`,`keyword`,`data`) VALUES (13,"direct_media","no");
INSERT IGNORE INTO `rest_pjsip_trunks_defaults` (`provider_id`,`keyword`,`data`) VALUES (13,"disabletrunk","off");
INSERT IGNORE INTO `rest_pjsip_trunks_defaults` (`provider_id`,`keyword`,`data`) VALUES (13,"dtmfmode","auto");
INSERT IGNORE INTO `rest_pjsip_trunks_defaults` (`provider_id`,`keyword`,`data`) VALUES (13,"expiration","300");
INSERT IGNORE INTO `rest_pjsip_trunks_defaults` (`provider_id`,`keyword`,`data`) VALUES (13,"failtrunk_enable","0");
INSERT IGNORE INTO `rest_pjsip_trunks_defaults` (`provider_id`,`keyword`,`data`) VALUES (13,"fatal_retry_interval","0");
INSERT IGNORE INTO `rest_pjsip_trunks_defaults` (`provider_id`,`keyword`,`data`) VALUES (13,"fax_detect","no");
INSERT IGNORE INTO `rest_pjsip_trunks_defaults` (`provider_id`,`keyword`,`data`) VALUES (13,"forbidden_retry_interval","10");
INSERT IGNORE INTO `rest_pjsip_trunks_defaults` (`provider_id`,`keyword`,`data`) VALUES (13,"force_rport","yes");
INSERT IGNORE INTO `rest_pjsip_trunks_defaults` (`provider_id`,`keyword`,`data`) VALUES (13,"from_domain","res.sip.twt.it");
INSERT IGNORE INTO `rest_pjsip_trunks_defaults` (`provider_id`,`keyword`,`data`) VALUES (13,"hcid","on");
INSERT IGNORE INTO `rest_pjsip_trunks_defaults` (`provider_id`,`keyword`,`data`) VALUES (13,"identify_by","default");
INSERT IGNORE INTO `rest_pjsip_trunks_defaults` (`provider_id`,`keyword`,`data`) VALUES (13,"inband_progress","no");
INSERT IGNORE INTO `rest_pjsip_trunks_defaults` (`provider_id`,`keyword`,`data`) VALUES (13,"language","");
INSERT IGNORE INTO `rest_pjsip_trunks_defaults` (`provider_id`,`keyword`,`data`) VALUES (13,"match","");
INSERT IGNORE INTO `rest_pjsip_trunks_defaults` (`provider_id`,`keyword`,`data`) VALUES (13,"max_retries","10000");
INSERT IGNORE INTO `rest_pjsip_trunks_defaults` (`provider_id`,`keyword`,`data`) VALUES (13,"maxchans","");
INSERT IGNORE INTO `rest_pjsip_trunks_defaults` (`provider_id`,`keyword`,`data`) VALUES (13,"media_address","");
INSERT IGNORE INTO `rest_pjsip_trunks_defaults` (`provider_id`,`keyword`,`data`) VALUES (13,"media_encryption","no");
INSERT IGNORE INTO `rest_pjsip_trunks_defaults` (`provider_id`,`keyword`,`data`) VALUES (13,"message_context","");
INSERT IGNORE INTO `rest_pjsip_trunks_defaults` (`provider_id`,`keyword`,`data`) VALUES (13,"npanxx","");
INSERT IGNORE INTO `rest_pjsip_trunks_defaults` (`provider_id`,`keyword`,`data`) VALUES (13,"outbound_proxy","");
INSERT IGNORE INTO `rest_pjsip_trunks_defaults` (`provider_id`,`keyword`,`data`) VALUES (13,"peerdetails","");
INSERT IGNORE INTO `rest_pjsip_trunks_defaults` (`provider_id`,`keyword`,`data`) VALUES (13,"qualify_frequency","60");
INSERT IGNORE INTO `rest_pjsip_trunks_defaults` (`provider_id`,`keyword`,`data`) VALUES (13,"register","");
INSERT IGNORE INTO `rest_pjsip_trunks_defaults` (`provider_id`,`keyword`,`data`) VALUES (13,"registration","send");
INSERT IGNORE INTO `rest_pjsip_trunks_defaults` (`provider_id`,`keyword`,`data`) VALUES (13,"retry_interval","60");
INSERT IGNORE INTO `rest_pjsip_trunks_defaults` (`provider_id`,`keyword`,`data`) VALUES (13,"rewrite_contact","yes");
INSERT IGNORE INTO `rest_pjsip_trunks_defaults` (`provider_id`,`keyword`,`data`) VALUES (13,"rtp_symmetric","yes");
INSERT IGNORE INTO `rest_pjsip_trunks_defaults` (`provider_id`,`keyword`,`data`) VALUES (13,"sendrpid","no");
INSERT IGNORE INTO `rest_pjsip_trunks_defaults` (`provider_id`,`keyword`,`data`) VALUES (13,"server_uri","");
INSERT IGNORE INTO `rest_pjsip_trunks_defaults` (`provider_id`,`keyword`,`data`) VALUES (13,"sip_server","res.sip.twt.it");
INSERT IGNORE INTO `rest_pjsip_trunks_defaults` (`provider_id`,`keyword`,`data`) VALUES (13,"sip_server_port","5060");
INSERT IGNORE INTO `rest_pjsip_trunks_defaults` (`provider_id`,`keyword`,`data`) VALUES (13,"support_path","no");
INSERT IGNORE INTO `rest_pjsip_trunks_defaults` (`provider_id`,`keyword`,`data`) VALUES (13,"sv_usercontext","");
INSERT IGNORE INTO `rest_pjsip_trunks_defaults` (`provider_id`,`keyword`,`data`) VALUES (13,"t38_udptl","no");
INSERT IGNORE INTO `rest_pjsip_trunks_defaults` (`provider_id`,`keyword`,`data`) VALUES (13,"t38_udptl_ec","none");
INSERT IGNORE INTO `rest_pjsip_trunks_defaults` (`provider_id`,`keyword`,`data`) VALUES (13,"t38_udptl_maxdatagram","");
INSERT IGNORE INTO `rest_pjsip_trunks_defaults` (`provider_id`,`keyword`,`data`) VALUES (13,"t38_udptl_nat","no");
INSERT IGNORE INTO `rest_pjsip_trunks_defaults` (`provider_id`,`keyword`,`data`) VALUES (13,"transport","0.0.0.0-udp");
INSERT IGNORE INTO `rest_pjsip_trunks_defaults` (`provider_id`,`keyword`,`data`) VALUES (13,"trust_rpid","no");
INSERT IGNORE INTO `rest_pjsip_trunks_defaults` (`provider_id`,`keyword`,`data`) VALUES (13,"userconfig","");

/* Viatek */
INSERT IGNORE INTO `rest_pjsip_trunks_defaults` (`provider_id`,`keyword`,`data`) VALUES (14,"aor_contact","");
INSERT IGNORE INTO `rest_pjsip_trunks_defaults` (`provider_id`,`keyword`,`data`) VALUES (14,"aors","");
INSERT IGNORE INTO `rest_pjsip_trunks_defaults` (`provider_id`,`keyword`,`data`) VALUES (14,"auth_rejection_permanent","off");
INSERT IGNORE INTO `rest_pjsip_trunks_defaults` (`provider_id`,`keyword`,`data`) VALUES (14,"authentication","outbound");
INSERT IGNORE INTO `rest_pjsip_trunks_defaults` (`provider_id`,`keyword`,`data`) VALUES (14,"client_uri","");
INSERT IGNORE INTO `rest_pjsip_trunks_defaults` (`provider_id`,`keyword`,`data`) VALUES (14,"codecs","ulaw,alaw,gsm,g726,g722,g729");
INSERT IGNORE INTO `rest_pjsip_trunks_defaults` (`provider_id`,`keyword`,`data`) VALUES (14,"context","from-pstn-toheader");
INSERT IGNORE INTO `rest_pjsip_trunks_defaults` (`provider_id`,`keyword`,`data`) VALUES (14,"dialopts","");
INSERT IGNORE INTO `rest_pjsip_trunks_defaults` (`provider_id`,`keyword`,`data`) VALUES (14,"dialoutopts_cb","sys");
INSERT IGNORE INTO `rest_pjsip_trunks_defaults` (`provider_id`,`keyword`,`data`) VALUES (14,"direct_media","no");
INSERT IGNORE INTO `rest_pjsip_trunks_defaults` (`provider_id`,`keyword`,`data`) VALUES (14,"disabletrunk","off");
INSERT IGNORE INTO `rest_pjsip_trunks_defaults` (`provider_id`,`keyword`,`data`) VALUES (14,"dtmfmode","auto");
INSERT IGNORE INTO `rest_pjsip_trunks_defaults` (`provider_id`,`keyword`,`data`) VALUES (14,"expiration","300");
INSERT IGNORE INTO `rest_pjsip_trunks_defaults` (`provider_id`,`keyword`,`data`) VALUES (14,"failtrunk_enable","0");
INSERT IGNORE INTO `rest_pjsip_trunks_defaults` (`provider_id`,`keyword`,`data`) VALUES (14,"fatal_retry_interval","0");
INSERT IGNORE INTO `rest_pjsip_trunks_defaults` (`provider_id`,`keyword`,`data`) VALUES (14,"fax_detect","no");
INSERT IGNORE INTO `rest_pjsip_trunks_defaults` (`provider_id`,`keyword`,`data`) VALUES (14,"forbidden_retry_interval","10");
INSERT IGNORE INTO `rest_pjsip_trunks_defaults` (`provider_id`,`keyword`,`data`) VALUES (14,"force_rport","yes");
INSERT IGNORE INTO `rest_pjsip_trunks_defaults` (`provider_id`,`keyword`,`data`) VALUES (14,"from_domain","");
INSERT IGNORE INTO `rest_pjsip_trunks_defaults` (`provider_id`,`keyword`,`data`) VALUES (14,"hcid","on");
INSERT IGNORE INTO `rest_pjsip_trunks_defaults` (`provider_id`,`keyword`,`data`) VALUES (14,"identify_by","default");
INSERT IGNORE INTO `rest_pjsip_trunks_defaults` (`provider_id`,`keyword`,`data`) VALUES (14,"inband_progress","no");
INSERT IGNORE INTO `rest_pjsip_trunks_defaults` (`provider_id`,`keyword`,`data`) VALUES (14,"language","");
INSERT IGNORE INTO `rest_pjsip_trunks_defaults` (`provider_id`,`keyword`,`data`) VALUES (14,"match","");
INSERT IGNORE INTO `rest_pjsip_trunks_defaults` (`provider_id`,`keyword`,`data`) VALUES (14,"max_retries","10000");
INSERT IGNORE INTO `rest_pjsip_trunks_defaults` (`provider_id`,`keyword`,`data`) VALUES (14,"maxchans","");
INSERT IGNORE INTO `rest_pjsip_trunks_defaults` (`provider_id`,`keyword`,`data`) VALUES (14,"media_address","");
INSERT IGNORE INTO `rest_pjsip_trunks_defaults` (`provider_id`,`keyword`,`data`) VALUES (14,"media_encryption","no");
INSERT IGNORE INTO `rest_pjsip_trunks_defaults` (`provider_id`,`keyword`,`data`) VALUES (14,"message_context","");
INSERT IGNORE INTO `rest_pjsip_trunks_defaults` (`provider_id`,`keyword`,`data`) VALUES (14,"npanxx","");
INSERT IGNORE INTO `rest_pjsip_trunks_defaults` (`provider_id`,`keyword`,`data`) VALUES (14,"outbound_proxy","");
INSERT IGNORE INTO `rest_pjsip_trunks_defaults` (`provider_id`,`keyword`,`data`) VALUES (14,"peerdetails","");
INSERT IGNORE INTO `rest_pjsip_trunks_defaults` (`provider_id`,`keyword`,`data`) VALUES (14,"qualify_frequency","60");
INSERT IGNORE INTO `rest_pjsip_trunks_defaults` (`provider_id`,`keyword`,`data`) VALUES (14,"register","");
INSERT IGNORE INTO `rest_pjsip_trunks_defaults` (`provider_id`,`keyword`,`data`) VALUES (14,"registration","send");
INSERT IGNORE INTO `rest_pjsip_trunks_defaults` (`provider_id`,`keyword`,`data`) VALUES (14,"retry_interval","60");
INSERT IGNORE INTO `rest_pjsip_trunks_defaults` (`provider_id`,`keyword`,`data`) VALUES (14,"rewrite_contact","yes");
INSERT IGNORE INTO `rest_pjsip_trunks_defaults` (`provider_id`,`keyword`,`data`) VALUES (14,"rtp_symmetric","yes");
INSERT IGNORE INTO `rest_pjsip_trunks_defaults` (`provider_id`,`keyword`,`data`) VALUES (14,"sendrpid","no");
INSERT IGNORE INTO `rest_pjsip_trunks_defaults` (`provider_id`,`keyword`,`data`) VALUES (14,"server_uri","");
INSERT IGNORE INTO `rest_pjsip_trunks_defaults` (`provider_id`,`keyword`,`data`) VALUES (14,"sip_server","185.144.72.100");
INSERT IGNORE INTO `rest_pjsip_trunks_defaults` (`provider_id`,`keyword`,`data`) VALUES (14,"sip_server_port","5083");
INSERT IGNORE INTO `rest_pjsip_trunks_defaults` (`provider_id`,`keyword`,`data`) VALUES (14,"support_path","no");
INSERT IGNORE INTO `rest_pjsip_trunks_defaults` (`provider_id`,`keyword`,`data`) VALUES (14,"sv_usercontext","");
INSERT IGNORE INTO `rest_pjsip_trunks_defaults` (`provider_id`,`keyword`,`data`) VALUES (14,"t38_udptl","no");
INSERT IGNORE INTO `rest_pjsip_trunks_defaults` (`provider_id`,`keyword`,`data`) VALUES (14,"t38_udptl_ec","none");
INSERT IGNORE INTO `rest_pjsip_trunks_defaults` (`provider_id`,`keyword`,`data`) VALUES (14,"t38_udptl_maxdatagram","");
INSERT IGNORE INTO `rest_pjsip_trunks_defaults` (`provider_id`,`keyword`,`data`) VALUES (14,"t38_udptl_nat","no");
INSERT IGNORE INTO `rest_pjsip_trunks_defaults` (`provider_id`,`keyword`,`data`) VALUES (14,"transport","0.0.0.0-udp");
INSERT IGNORE INTO `rest_pjsip_trunks_defaults` (`provider_id`,`keyword`,`data`) VALUES (14,"trust_rpid","no");
INSERT IGNORE INTO `rest_pjsip_trunks_defaults` (`provider_id`,`keyword`,`data`) VALUES (14,"userconfig","");

/* VivaVox */
INSERT IGNORE INTO `rest_pjsip_trunks_defaults` (`provider_id`,`keyword`,`data`) VALUES (15,"aor_contact","");
INSERT IGNORE INTO `rest_pjsip_trunks_defaults` (`provider_id`,`keyword`,`data`) VALUES (15,"aors","");
INSERT IGNORE INTO `rest_pjsip_trunks_defaults` (`provider_id`,`keyword`,`data`) VALUES (15,"auth_rejection_permanent","off");
INSERT IGNORE INTO `rest_pjsip_trunks_defaults` (`provider_id`,`keyword`,`data`) VALUES (15,"authentication","outbound");
INSERT IGNORE INTO `rest_pjsip_trunks_defaults` (`provider_id`,`keyword`,`data`) VALUES (15,"client_uri","");
INSERT IGNORE INTO `rest_pjsip_trunks_defaults` (`provider_id`,`keyword`,`data`) VALUES (15,"codecs","ulaw,alaw,gsm,g726,g722,g729");
INSERT IGNORE INTO `rest_pjsip_trunks_defaults` (`provider_id`,`keyword`,`data`) VALUES (15,"context","from-pstn");
INSERT IGNORE INTO `rest_pjsip_trunks_defaults` (`provider_id`,`keyword`,`data`) VALUES (15,"dialopts","");
INSERT IGNORE INTO `rest_pjsip_trunks_defaults` (`provider_id`,`keyword`,`data`) VALUES (15,"dialoutopts_cb","sys");
INSERT IGNORE INTO `rest_pjsip_trunks_defaults` (`provider_id`,`keyword`,`data`) VALUES (15,"direct_media","no");
INSERT IGNORE INTO `rest_pjsip_trunks_defaults` (`provider_id`,`keyword`,`data`) VALUES (15,"disabletrunk","off");
INSERT IGNORE INTO `rest_pjsip_trunks_defaults` (`provider_id`,`keyword`,`data`) VALUES (15,"dtmfmode","auto");
INSERT IGNORE INTO `rest_pjsip_trunks_defaults` (`provider_id`,`keyword`,`data`) VALUES (15,"expiration","300");
INSERT IGNORE INTO `rest_pjsip_trunks_defaults` (`provider_id`,`keyword`,`data`) VALUES (15,"failtrunk_enable","0");
INSERT IGNORE INTO `rest_pjsip_trunks_defaults` (`provider_id`,`keyword`,`data`) VALUES (15,"fatal_retry_interval","0");
INSERT IGNORE INTO `rest_pjsip_trunks_defaults` (`provider_id`,`keyword`,`data`) VALUES (15,"fax_detect","no");
INSERT IGNORE INTO `rest_pjsip_trunks_defaults` (`provider_id`,`keyword`,`data`) VALUES (15,"forbidden_retry_interval","10");
INSERT IGNORE INTO `rest_pjsip_trunks_defaults` (`provider_id`,`keyword`,`data`) VALUES (15,"force_rport","yes");
INSERT IGNORE INTO `rest_pjsip_trunks_defaults` (`provider_id`,`keyword`,`data`) VALUES (15,"from_domain","voip.vivavox.it");
INSERT IGNORE INTO `rest_pjsip_trunks_defaults` (`provider_id`,`keyword`,`data`) VALUES (15,"hcid","on");
INSERT IGNORE INTO `rest_pjsip_trunks_defaults` (`provider_id`,`keyword`,`data`) VALUES (15,"identify_by","default");
INSERT IGNORE INTO `rest_pjsip_trunks_defaults` (`provider_id`,`keyword`,`data`) VALUES (15,"inband_progress","no");
INSERT IGNORE INTO `rest_pjsip_trunks_defaults` (`provider_id`,`keyword`,`data`) VALUES (15,"language","");
INSERT IGNORE INTO `rest_pjsip_trunks_defaults` (`provider_id`,`keyword`,`data`) VALUES (15,"match","");
INSERT IGNORE INTO `rest_pjsip_trunks_defaults` (`provider_id`,`keyword`,`data`) VALUES (15,"max_retries","10000");
INSERT IGNORE INTO `rest_pjsip_trunks_defaults` (`provider_id`,`keyword`,`data`) VALUES (15,"maxchans","");
INSERT IGNORE INTO `rest_pjsip_trunks_defaults` (`provider_id`,`keyword`,`data`) VALUES (15,"media_address","");
INSERT IGNORE INTO `rest_pjsip_trunks_defaults` (`provider_id`,`keyword`,`data`) VALUES (15,"media_encryption","no");
INSERT IGNORE INTO `rest_pjsip_trunks_defaults` (`provider_id`,`keyword`,`data`) VALUES (15,"message_context","");
INSERT IGNORE INTO `rest_pjsip_trunks_defaults` (`provider_id`,`keyword`,`data`) VALUES (15,"npanxx","");
INSERT IGNORE INTO `rest_pjsip_trunks_defaults` (`provider_id`,`keyword`,`data`) VALUES (15,"outbound_proxy","");
INSERT IGNORE INTO `rest_pjsip_trunks_defaults` (`provider_id`,`keyword`,`data`) VALUES (15,"peerdetails","");
INSERT IGNORE INTO `rest_pjsip_trunks_defaults` (`provider_id`,`keyword`,`data`) VALUES (15,"qualify_frequency","60");
INSERT IGNORE INTO `rest_pjsip_trunks_defaults` (`provider_id`,`keyword`,`data`) VALUES (15,"register","");
INSERT IGNORE INTO `rest_pjsip_trunks_defaults` (`provider_id`,`keyword`,`data`) VALUES (15,"registration","send");
INSERT IGNORE INTO `rest_pjsip_trunks_defaults` (`provider_id`,`keyword`,`data`) VALUES (15,"retry_interval","60");
INSERT IGNORE INTO `rest_pjsip_trunks_defaults` (`provider_id`,`keyword`,`data`) VALUES (15,"rewrite_contact","yes");
INSERT IGNORE INTO `rest_pjsip_trunks_defaults` (`provider_id`,`keyword`,`data`) VALUES (15,"rtp_symmetric","yes");
INSERT IGNORE INTO `rest_pjsip_trunks_defaults` (`provider_id`,`keyword`,`data`) VALUES (15,"sendrpid","no");
INSERT IGNORE INTO `rest_pjsip_trunks_defaults` (`provider_id`,`keyword`,`data`) VALUES (15,"server_uri","");
INSERT IGNORE INTO `rest_pjsip_trunks_defaults` (`provider_id`,`keyword`,`data`) VALUES (15,"sip_server","voip.vivavox.it");
INSERT IGNORE INTO `rest_pjsip_trunks_defaults` (`provider_id`,`keyword`,`data`) VALUES (15,"sip_server_port","5060");
INSERT IGNORE INTO `rest_pjsip_trunks_defaults` (`provider_id`,`keyword`,`data`) VALUES (15,"support_path","no");
INSERT IGNORE INTO `rest_pjsip_trunks_defaults` (`provider_id`,`keyword`,`data`) VALUES (15,"sv_usercontext","");
INSERT IGNORE INTO `rest_pjsip_trunks_defaults` (`provider_id`,`keyword`,`data`) VALUES (15,"t38_udptl","no");
INSERT IGNORE INTO `rest_pjsip_trunks_defaults` (`provider_id`,`keyword`,`data`) VALUES (15,"t38_udptl_ec","none");
INSERT IGNORE INTO `rest_pjsip_trunks_defaults` (`provider_id`,`keyword`,`data`) VALUES (15,"t38_udptl_maxdatagram","");
INSERT IGNORE INTO `rest_pjsip_trunks_defaults` (`provider_id`,`keyword`,`data`) VALUES (15,"t38_udptl_nat","no");
INSERT IGNORE INTO `rest_pjsip_trunks_defaults` (`provider_id`,`keyword`,`data`) VALUES (15,"transport","0.0.0.0-udp");
INSERT IGNORE INTO `rest_pjsip_trunks_defaults` (`provider_id`,`keyword`,`data`) VALUES (15,"trust_rpid","no");
INSERT IGNORE INTO `rest_pjsip_trunks_defaults` (`provider_id`,`keyword`,`data`) VALUES (15,"userconfig","");

/* VoipEasy */
INSERT IGNORE INTO `rest_pjsip_trunks_defaults` (`provider_id`,`keyword`,`data`) VALUES (16,"aor_contact","");
INSERT IGNORE INTO `rest_pjsip_trunks_defaults` (`provider_id`,`keyword`,`data`) VALUES (16,"aors","");
INSERT IGNORE INTO `rest_pjsip_trunks_defaults` (`provider_id`,`keyword`,`data`) VALUES (16,"auth_rejection_permanent","off");
INSERT IGNORE INTO `rest_pjsip_trunks_defaults` (`provider_id`,`keyword`,`data`) VALUES (16,"authentication","outbound");
INSERT IGNORE INTO `rest_pjsip_trunks_defaults` (`provider_id`,`keyword`,`data`) VALUES (16,"client_uri","");
INSERT IGNORE INTO `rest_pjsip_trunks_defaults` (`provider_id`,`keyword`,`data`) VALUES (16,"codecs","g729");
INSERT IGNORE INTO `rest_pjsip_trunks_defaults` (`provider_id`,`keyword`,`data`) VALUES (16,"context","from-pstn");
INSERT IGNORE INTO `rest_pjsip_trunks_defaults` (`provider_id`,`keyword`,`data`) VALUES (16,"dialopts","");
INSERT IGNORE INTO `rest_pjsip_trunks_defaults` (`provider_id`,`keyword`,`data`) VALUES (16,"dialoutopts_cb","or");
INSERT IGNORE INTO `rest_pjsip_trunks_defaults` (`provider_id`,`keyword`,`data`) VALUES (16,"direct_media","no");
INSERT IGNORE INTO `rest_pjsip_trunks_defaults` (`provider_id`,`keyword`,`data`) VALUES (16,"disabletrunk","off");
INSERT IGNORE INTO `rest_pjsip_trunks_defaults` (`provider_id`,`keyword`,`data`) VALUES (16,"dtmfmode","auto");
INSERT IGNORE INTO `rest_pjsip_trunks_defaults` (`provider_id`,`keyword`,`data`) VALUES (16,"expiration","300");
INSERT IGNORE INTO `rest_pjsip_trunks_defaults` (`provider_id`,`keyword`,`data`) VALUES (16,"failtrunk_enable","0");
INSERT IGNORE INTO `rest_pjsip_trunks_defaults` (`provider_id`,`keyword`,`data`) VALUES (16,"fatal_retry_interval","0");
INSERT IGNORE INTO `rest_pjsip_trunks_defaults` (`provider_id`,`keyword`,`data`) VALUES (16,"fax_detect","no");
INSERT IGNORE INTO `rest_pjsip_trunks_defaults` (`provider_id`,`keyword`,`data`) VALUES (16,"forbidden_retry_interval","10");
INSERT IGNORE INTO `rest_pjsip_trunks_defaults` (`provider_id`,`keyword`,`data`) VALUES (16,"force_rport","yes");
INSERT IGNORE INTO `rest_pjsip_trunks_defaults` (`provider_id`,`keyword`,`data`) VALUES (16,"from_domain","sip.voipeasy.it");
INSERT IGNORE INTO `rest_pjsip_trunks_defaults` (`provider_id`,`keyword`,`data`) VALUES (16,"hcid","on");
INSERT IGNORE INTO `rest_pjsip_trunks_defaults` (`provider_id`,`keyword`,`data`) VALUES (16,"identify_by","default");
INSERT IGNORE INTO `rest_pjsip_trunks_defaults` (`provider_id`,`keyword`,`data`) VALUES (16,"inband_progress","no");
INSERT IGNORE INTO `rest_pjsip_trunks_defaults` (`provider_id`,`keyword`,`data`) VALUES (16,"language","");
INSERT IGNORE INTO `rest_pjsip_trunks_defaults` (`provider_id`,`keyword`,`data`) VALUES (16,"match","");
INSERT IGNORE INTO `rest_pjsip_trunks_defaults` (`provider_id`,`keyword`,`data`) VALUES (16,"max_retries","10000");
INSERT IGNORE INTO `rest_pjsip_trunks_defaults` (`provider_id`,`keyword`,`data`) VALUES (16,"maxchans","");
INSERT IGNORE INTO `rest_pjsip_trunks_defaults` (`provider_id`,`keyword`,`data`) VALUES (16,"media_address","");
INSERT IGNORE INTO `rest_pjsip_trunks_defaults` (`provider_id`,`keyword`,`data`) VALUES (16,"media_encryption","no");
INSERT IGNORE INTO `rest_pjsip_trunks_defaults` (`provider_id`,`keyword`,`data`) VALUES (16,"message_context","");
INSERT IGNORE INTO `rest_pjsip_trunks_defaults` (`provider_id`,`keyword`,`data`) VALUES (16,"npanxx","");
INSERT IGNORE INTO `rest_pjsip_trunks_defaults` (`provider_id`,`keyword`,`data`) VALUES (16,"outbound_proxy","");
INSERT IGNORE INTO `rest_pjsip_trunks_defaults` (`provider_id`,`keyword`,`data`) VALUES (16,"peerdetails","");
INSERT IGNORE INTO `rest_pjsip_trunks_defaults` (`provider_id`,`keyword`,`data`) VALUES (16,"qualify_frequency","60");
INSERT IGNORE INTO `rest_pjsip_trunks_defaults` (`provider_id`,`keyword`,`data`) VALUES (16,"register","");
INSERT IGNORE INTO `rest_pjsip_trunks_defaults` (`provider_id`,`keyword`,`data`) VALUES (16,"registration","send");
INSERT IGNORE INTO `rest_pjsip_trunks_defaults` (`provider_id`,`keyword`,`data`) VALUES (16,"retry_interval","60");
INSERT IGNORE INTO `rest_pjsip_trunks_defaults` (`provider_id`,`keyword`,`data`) VALUES (16,"rewrite_contact","yes");
INSERT IGNORE INTO `rest_pjsip_trunks_defaults` (`provider_id`,`keyword`,`data`) VALUES (16,"rtp_symmetric","yes");
INSERT IGNORE INTO `rest_pjsip_trunks_defaults` (`provider_id`,`keyword`,`data`) VALUES (16,"sendrpid","no");
INSERT IGNORE INTO `rest_pjsip_trunks_defaults` (`provider_id`,`keyword`,`data`) VALUES (16,"server_uri","");
INSERT IGNORE INTO `rest_pjsip_trunks_defaults` (`provider_id`,`keyword`,`data`) VALUES (16,"sip_server","sip.voipeasy.it");
INSERT IGNORE INTO `rest_pjsip_trunks_defaults` (`provider_id`,`keyword`,`data`) VALUES (16,"sip_server_port","5060");
INSERT IGNORE INTO `rest_pjsip_trunks_defaults` (`provider_id`,`keyword`,`data`) VALUES (16,"support_path","no");
INSERT IGNORE INTO `rest_pjsip_trunks_defaults` (`provider_id`,`keyword`,`data`) VALUES (16,"sv_usercontext","");
INSERT IGNORE INTO `rest_pjsip_trunks_defaults` (`provider_id`,`keyword`,`data`) VALUES (16,"t38_udptl","no");
INSERT IGNORE INTO `rest_pjsip_trunks_defaults` (`provider_id`,`keyword`,`data`) VALUES (16,"t38_udptl_ec","none");
INSERT IGNORE INTO `rest_pjsip_trunks_defaults` (`provider_id`,`keyword`,`data`) VALUES (16,"t38_udptl_maxdatagram","");
INSERT IGNORE INTO `rest_pjsip_trunks_defaults` (`provider_id`,`keyword`,`data`) VALUES (16,"t38_udptl_nat","no");
INSERT IGNORE INTO `rest_pjsip_trunks_defaults` (`provider_id`,`keyword`,`data`) VALUES (16,"transport","0.0.0.0-udp");
INSERT IGNORE INTO `rest_pjsip_trunks_defaults` (`provider_id`,`keyword`,`data`) VALUES (16,"trust_rpid","no");
INSERT IGNORE INTO `rest_pjsip_trunks_defaults` (`provider_id`,`keyword`,`data`) VALUES (16,"userconfig","");

/* VoipTel */
INSERT IGNORE INTO `rest_pjsip_trunks_defaults` (`provider_id`,`keyword`,`data`) VALUES (17,"aor_contact","");
INSERT IGNORE INTO `rest_pjsip_trunks_defaults` (`provider_id`,`keyword`,`data`) VALUES (17,"aors","");
INSERT IGNORE INTO `rest_pjsip_trunks_defaults` (`provider_id`,`keyword`,`data`) VALUES (17,"auth_rejection_permanent","off");
INSERT IGNORE INTO `rest_pjsip_trunks_defaults` (`provider_id`,`keyword`,`data`) VALUES (17,"authentication","outbound");
INSERT IGNORE INTO `rest_pjsip_trunks_defaults` (`provider_id`,`keyword`,`data`) VALUES (17,"client_uri","");
INSERT IGNORE INTO `rest_pjsip_trunks_defaults` (`provider_id`,`keyword`,`data`) VALUES (17,"codecs","g729,ulaw,alaw");
INSERT IGNORE INTO `rest_pjsip_trunks_defaults` (`provider_id`,`keyword`,`data`) VALUES (17,"context","from-pstn");
INSERT IGNORE INTO `rest_pjsip_trunks_defaults` (`provider_id`,`keyword`,`data`) VALUES (17,"dialopts","");
INSERT IGNORE INTO `rest_pjsip_trunks_defaults` (`provider_id`,`keyword`,`data`) VALUES (17,"dialoutopts_cb","sys");
INSERT IGNORE INTO `rest_pjsip_trunks_defaults` (`provider_id`,`keyword`,`data`) VALUES (17,"direct_media","no");
INSERT IGNORE INTO `rest_pjsip_trunks_defaults` (`provider_id`,`keyword`,`data`) VALUES (17,"disabletrunk","off");
INSERT IGNORE INTO `rest_pjsip_trunks_defaults` (`provider_id`,`keyword`,`data`) VALUES (17,"dtmfmode","auto");
INSERT IGNORE INTO `rest_pjsip_trunks_defaults` (`provider_id`,`keyword`,`data`) VALUES (17,"expiration","300");
INSERT IGNORE INTO `rest_pjsip_trunks_defaults` (`provider_id`,`keyword`,`data`) VALUES (17,"failtrunk_enable","0");
INSERT IGNORE INTO `rest_pjsip_trunks_defaults` (`provider_id`,`keyword`,`data`) VALUES (17,"fatal_retry_interval","0");
INSERT IGNORE INTO `rest_pjsip_trunks_defaults` (`provider_id`,`keyword`,`data`) VALUES (17,"fax_detect","no");
INSERT IGNORE INTO `rest_pjsip_trunks_defaults` (`provider_id`,`keyword`,`data`) VALUES (17,"forbidden_retry_interval","10");
INSERT IGNORE INTO `rest_pjsip_trunks_defaults` (`provider_id`,`keyword`,`data`) VALUES (17,"force_rport","yes");
INSERT IGNORE INTO `rest_pjsip_trunks_defaults` (`provider_id`,`keyword`,`data`) VALUES (17,"from_domain","voip.voiptelitalia.it");
INSERT IGNORE INTO `rest_pjsip_trunks_defaults` (`provider_id`,`keyword`,`data`) VALUES (17,"hcid","on");
INSERT IGNORE INTO `rest_pjsip_trunks_defaults` (`provider_id`,`keyword`,`data`) VALUES (17,"identify_by","default");
INSERT IGNORE INTO `rest_pjsip_trunks_defaults` (`provider_id`,`keyword`,`data`) VALUES (17,"inband_progress","no");
INSERT IGNORE INTO `rest_pjsip_trunks_defaults` (`provider_id`,`keyword`,`data`) VALUES (17,"language","");
INSERT IGNORE INTO `rest_pjsip_trunks_defaults` (`provider_id`,`keyword`,`data`) VALUES (17,"match","");
INSERT IGNORE INTO `rest_pjsip_trunks_defaults` (`provider_id`,`keyword`,`data`) VALUES (17,"max_retries","10000");
INSERT IGNORE INTO `rest_pjsip_trunks_defaults` (`provider_id`,`keyword`,`data`) VALUES (17,"maxchans","");
INSERT IGNORE INTO `rest_pjsip_trunks_defaults` (`provider_id`,`keyword`,`data`) VALUES (17,"media_address","");
INSERT IGNORE INTO `rest_pjsip_trunks_defaults` (`provider_id`,`keyword`,`data`) VALUES (17,"media_encryption","no");
INSERT IGNORE INTO `rest_pjsip_trunks_defaults` (`provider_id`,`keyword`,`data`) VALUES (17,"message_context","");
INSERT IGNORE INTO `rest_pjsip_trunks_defaults` (`provider_id`,`keyword`,`data`) VALUES (17,"npanxx","");
INSERT IGNORE INTO `rest_pjsip_trunks_defaults` (`provider_id`,`keyword`,`data`) VALUES (17,"outbound_proxy","");
INSERT IGNORE INTO `rest_pjsip_trunks_defaults` (`provider_id`,`keyword`,`data`) VALUES (17,"peerdetails","");
INSERT IGNORE INTO `rest_pjsip_trunks_defaults` (`provider_id`,`keyword`,`data`) VALUES (17,"qualify_frequency","60");
INSERT IGNORE INTO `rest_pjsip_trunks_defaults` (`provider_id`,`keyword`,`data`) VALUES (17,"register","");
INSERT IGNORE INTO `rest_pjsip_trunks_defaults` (`provider_id`,`keyword`,`data`) VALUES (17,"registration","send");
INSERT IGNORE INTO `rest_pjsip_trunks_defaults` (`provider_id`,`keyword`,`data`) VALUES (17,"retry_interval","60");
INSERT IGNORE INTO `rest_pjsip_trunks_defaults` (`provider_id`,`keyword`,`data`) VALUES (17,"rewrite_contact","yes");
INSERT IGNORE INTO `rest_pjsip_trunks_defaults` (`provider_id`,`keyword`,`data`) VALUES (17,"rtp_symmetric","yes");
INSERT IGNORE INTO `rest_pjsip_trunks_defaults` (`provider_id`,`keyword`,`data`) VALUES (17,"sendrpid","no");
INSERT IGNORE INTO `rest_pjsip_trunks_defaults` (`provider_id`,`keyword`,`data`) VALUES (17,"server_uri","");
INSERT IGNORE INTO `rest_pjsip_trunks_defaults` (`provider_id`,`keyword`,`data`) VALUES (17,"sip_server","voip.voiptelitalia.it");
INSERT IGNORE INTO `rest_pjsip_trunks_defaults` (`provider_id`,`keyword`,`data`) VALUES (17,"sip_server_port","5060");
INSERT IGNORE INTO `rest_pjsip_trunks_defaults` (`provider_id`,`keyword`,`data`) VALUES (17,"support_path","no");
INSERT IGNORE INTO `rest_pjsip_trunks_defaults` (`provider_id`,`keyword`,`data`) VALUES (17,"sv_usercontext","");
INSERT IGNORE INTO `rest_pjsip_trunks_defaults` (`provider_id`,`keyword`,`data`) VALUES (17,"t38_udptl","no");
INSERT IGNORE INTO `rest_pjsip_trunks_defaults` (`provider_id`,`keyword`,`data`) VALUES (17,"t38_udptl_ec","none");
INSERT IGNORE INTO `rest_pjsip_trunks_defaults` (`provider_id`,`keyword`,`data`) VALUES (17,"t38_udptl_maxdatagram","");
INSERT IGNORE INTO `rest_pjsip_trunks_defaults` (`provider_id`,`keyword`,`data`) VALUES (17,"t38_udptl_nat","no");
INSERT IGNORE INTO `rest_pjsip_trunks_defaults` (`provider_id`,`keyword`,`data`) VALUES (17,"transport","0.0.0.0-udp");
INSERT IGNORE INTO `rest_pjsip_trunks_defaults` (`provider_id`,`keyword`,`data`) VALUES (17,"trust_rpid","no");
INSERT IGNORE INTO `rest_pjsip_trunks_defaults` (`provider_id`,`keyword`,`data`) VALUES (17,"userconfig","");

/* VoipVoice (sip.voipvoice.it) */
INSERT IGNORE INTO `rest_pjsip_trunks_defaults` (`provider_id`,`keyword`,`data`) VALUES (18,"aor_contact","");
INSERT IGNORE INTO `rest_pjsip_trunks_defaults` (`provider_id`,`keyword`,`data`) VALUES (18,"aors","");
INSERT IGNORE INTO `rest_pjsip_trunks_defaults` (`provider_id`,`keyword`,`data`) VALUES (18,"auth_rejection_permanent","off");
INSERT IGNORE INTO `rest_pjsip_trunks_defaults` (`provider_id`,`keyword`,`data`) VALUES (18,"authentication","outbound");
INSERT IGNORE INTO `rest_pjsip_trunks_defaults` (`provider_id`,`keyword`,`data`) VALUES (18,"client_uri","");
INSERT IGNORE INTO `rest_pjsip_trunks_defaults` (`provider_id`,`keyword`,`data`) VALUES (18,"codecs","ulaw,alaw,gsm,g726,g722,g729");
INSERT IGNORE INTO `rest_pjsip_trunks_defaults` (`provider_id`,`keyword`,`data`) VALUES (18,"context","from-pstn-toheader");
INSERT IGNORE INTO `rest_pjsip_trunks_defaults` (`provider_id`,`keyword`,`data`) VALUES (18,"dialopts","");
INSERT IGNORE INTO `rest_pjsip_trunks_defaults` (`provider_id`,`keyword`,`data`) VALUES (18,"dialoutopts_cb","or");
INSERT IGNORE INTO `rest_pjsip_trunks_defaults` (`provider_id`,`keyword`,`data`) VALUES (18,"direct_media","no");
INSERT IGNORE INTO `rest_pjsip_trunks_defaults` (`provider_id`,`keyword`,`data`) VALUES (18,"disabletrunk","off");
INSERT IGNORE INTO `rest_pjsip_trunks_defaults` (`provider_id`,`keyword`,`data`) VALUES (18,"dtmfmode","auto");
INSERT IGNORE INTO `rest_pjsip_trunks_defaults` (`provider_id`,`keyword`,`data`) VALUES (18,"expiration","300");
INSERT IGNORE INTO `rest_pjsip_trunks_defaults` (`provider_id`,`keyword`,`data`) VALUES (18,"failtrunk_enable","0");
INSERT IGNORE INTO `rest_pjsip_trunks_defaults` (`provider_id`,`keyword`,`data`) VALUES (18,"fatal_retry_interval","0");
INSERT IGNORE INTO `rest_pjsip_trunks_defaults` (`provider_id`,`keyword`,`data`) VALUES (18,"fax_detect","no");
INSERT IGNORE INTO `rest_pjsip_trunks_defaults` (`provider_id`,`keyword`,`data`) VALUES (18,"forbidden_retry_interval","10");
INSERT IGNORE INTO `rest_pjsip_trunks_defaults` (`provider_id`,`keyword`,`data`) VALUES (18,"force_rport","yes");
INSERT IGNORE INTO `rest_pjsip_trunks_defaults` (`provider_id`,`keyword`,`data`) VALUES (18,"from_domain","sip.voipvoicetel.it");
INSERT IGNORE INTO `rest_pjsip_trunks_defaults` (`provider_id`,`keyword`,`data`) VALUES (18,"hcid","on");
INSERT IGNORE INTO `rest_pjsip_trunks_defaults` (`provider_id`,`keyword`,`data`) VALUES (18,"identify_by","default");
INSERT IGNORE INTO `rest_pjsip_trunks_defaults` (`provider_id`,`keyword`,`data`) VALUES (18,"inband_progress","no");
INSERT IGNORE INTO `rest_pjsip_trunks_defaults` (`provider_id`,`keyword`,`data`) VALUES (18,"language","");
INSERT IGNORE INTO `rest_pjsip_trunks_defaults` (`provider_id`,`keyword`,`data`) VALUES (18,"match","");
INSERT IGNORE INTO `rest_pjsip_trunks_defaults` (`provider_id`,`keyword`,`data`) VALUES (18,"max_retries","10000");
INSERT IGNORE INTO `rest_pjsip_trunks_defaults` (`provider_id`,`keyword`,`data`) VALUES (18,"maxchans","");
INSERT IGNORE INTO `rest_pjsip_trunks_defaults` (`provider_id`,`keyword`,`data`) VALUES (18,"media_address","");
INSERT IGNORE INTO `rest_pjsip_trunks_defaults` (`provider_id`,`keyword`,`data`) VALUES (18,"media_encryption","no");
INSERT IGNORE INTO `rest_pjsip_trunks_defaults` (`provider_id`,`keyword`,`data`) VALUES (18,"message_context","");
INSERT IGNORE INTO `rest_pjsip_trunks_defaults` (`provider_id`,`keyword`,`data`) VALUES (18,"npanxx","");
INSERT IGNORE INTO `rest_pjsip_trunks_defaults` (`provider_id`,`keyword`,`data`) VALUES (18,"outbound_proxy","");
INSERT IGNORE INTO `rest_pjsip_trunks_defaults` (`provider_id`,`keyword`,`data`) VALUES (18,"peerdetails","");
INSERT IGNORE INTO `rest_pjsip_trunks_defaults` (`provider_id`,`keyword`,`data`) VALUES (18,"qualify_frequency","60");
INSERT IGNORE INTO `rest_pjsip_trunks_defaults` (`provider_id`,`keyword`,`data`) VALUES (18,"register","");
INSERT IGNORE INTO `rest_pjsip_trunks_defaults` (`provider_id`,`keyword`,`data`) VALUES (18,"registration","send");
INSERT IGNORE INTO `rest_pjsip_trunks_defaults` (`provider_id`,`keyword`,`data`) VALUES (18,"retry_interval","60");
INSERT IGNORE INTO `rest_pjsip_trunks_defaults` (`provider_id`,`keyword`,`data`) VALUES (18,"rewrite_contact","yes");
INSERT IGNORE INTO `rest_pjsip_trunks_defaults` (`provider_id`,`keyword`,`data`) VALUES (18,"rtp_symmetric","yes");
INSERT IGNORE INTO `rest_pjsip_trunks_defaults` (`provider_id`,`keyword`,`data`) VALUES (18,"sendrpid","no");
INSERT IGNORE INTO `rest_pjsip_trunks_defaults` (`provider_id`,`keyword`,`data`) VALUES (18,"server_uri","");
INSERT IGNORE INTO `rest_pjsip_trunks_defaults` (`provider_id`,`keyword`,`data`) VALUES (18,"sip_server","sip.voipvoicetel.it");
INSERT IGNORE INTO `rest_pjsip_trunks_defaults` (`provider_id`,`keyword`,`data`) VALUES (18,"sip_server_port","5060");
INSERT IGNORE INTO `rest_pjsip_trunks_defaults` (`provider_id`,`keyword`,`data`) VALUES (18,"support_path","no");
INSERT IGNORE INTO `rest_pjsip_trunks_defaults` (`provider_id`,`keyword`,`data`) VALUES (18,"sv_usercontext","");
INSERT IGNORE INTO `rest_pjsip_trunks_defaults` (`provider_id`,`keyword`,`data`) VALUES (18,"t38_udptl","no");
INSERT IGNORE INTO `rest_pjsip_trunks_defaults` (`provider_id`,`keyword`,`data`) VALUES (18,"t38_udptl_ec","none");
INSERT IGNORE INTO `rest_pjsip_trunks_defaults` (`provider_id`,`keyword`,`data`) VALUES (18,"t38_udptl_maxdatagram","");
INSERT IGNORE INTO `rest_pjsip_trunks_defaults` (`provider_id`,`keyword`,`data`) VALUES (18,"t38_udptl_nat","no");
INSERT IGNORE INTO `rest_pjsip_trunks_defaults` (`provider_id`,`keyword`,`data`) VALUES (18,"transport","0.0.0.0-udp");
INSERT IGNORE INTO `rest_pjsip_trunks_defaults` (`provider_id`,`keyword`,`data`) VALUES (18,"trust_rpid","no");
INSERT IGNORE INTO `rest_pjsip_trunks_defaults` (`provider_id`,`keyword`,`data`) VALUES (18,"userconfig","");

/* VoipVoice (trunk.voipvoice.it) */
INSERT IGNORE INTO `rest_pjsip_trunks_defaults` (`provider_id`,`keyword`,`data`) VALUES (19,"aor_contact","");
INSERT IGNORE INTO `rest_pjsip_trunks_defaults` (`provider_id`,`keyword`,`data`) VALUES (19,"aors","");
INSERT IGNORE INTO `rest_pjsip_trunks_defaults` (`provider_id`,`keyword`,`data`) VALUES (19,"auth_rejection_permanent","off");
INSERT IGNORE INTO `rest_pjsip_trunks_defaults` (`provider_id`,`keyword`,`data`) VALUES (19,"authentication","outbound");
INSERT IGNORE INTO `rest_pjsip_trunks_defaults` (`provider_id`,`keyword`,`data`) VALUES (19,"client_uri","");
INSERT IGNORE INTO `rest_pjsip_trunks_defaults` (`provider_id`,`keyword`,`data`) VALUES (19,"codecs","ulaw,alaw,gsm,g726,g722,g729");
INSERT IGNORE INTO `rest_pjsip_trunks_defaults` (`provider_id`,`keyword`,`data`) VALUES (19,"context","from-pstn-toheader");
INSERT IGNORE INTO `rest_pjsip_trunks_defaults` (`provider_id`,`keyword`,`data`) VALUES (19,"dialopts","");
INSERT IGNORE INTO `rest_pjsip_trunks_defaults` (`provider_id`,`keyword`,`data`) VALUES (19,"dialoutopts_cb","sys");
INSERT IGNORE INTO `rest_pjsip_trunks_defaults` (`provider_id`,`keyword`,`data`) VALUES (19,"direct_media","no");
INSERT IGNORE INTO `rest_pjsip_trunks_defaults` (`provider_id`,`keyword`,`data`) VALUES (19,"disabletrunk","off");
INSERT IGNORE INTO `rest_pjsip_trunks_defaults` (`provider_id`,`keyword`,`data`) VALUES (19,"dtmfmode","auto");
INSERT IGNORE INTO `rest_pjsip_trunks_defaults` (`provider_id`,`keyword`,`data`) VALUES (19,"expiration","300");
INSERT IGNORE INTO `rest_pjsip_trunks_defaults` (`provider_id`,`keyword`,`data`) VALUES (19,"failtrunk_enable","0");
INSERT IGNORE INTO `rest_pjsip_trunks_defaults` (`provider_id`,`keyword`,`data`) VALUES (19,"fatal_retry_interval","0");
INSERT IGNORE INTO `rest_pjsip_trunks_defaults` (`provider_id`,`keyword`,`data`) VALUES (19,"fax_detect","no");
INSERT IGNORE INTO `rest_pjsip_trunks_defaults` (`provider_id`,`keyword`,`data`) VALUES (19,"forbidden_retry_interval","10");
INSERT IGNORE INTO `rest_pjsip_trunks_defaults` (`provider_id`,`keyword`,`data`) VALUES (19,"force_rport","yes");
INSERT IGNORE INTO `rest_pjsip_trunks_defaults` (`provider_id`,`keyword`,`data`) VALUES (19,"from_domain","trunk.voipvoice.it");
INSERT IGNORE INTO `rest_pjsip_trunks_defaults` (`provider_id`,`keyword`,`data`) VALUES (19,"hcid","on");
INSERT IGNORE INTO `rest_pjsip_trunks_defaults` (`provider_id`,`keyword`,`data`) VALUES (19,"identify_by","default");
INSERT IGNORE INTO `rest_pjsip_trunks_defaults` (`provider_id`,`keyword`,`data`) VALUES (19,"inband_progress","no");
INSERT IGNORE INTO `rest_pjsip_trunks_defaults` (`provider_id`,`keyword`,`data`) VALUES (19,"language","");
INSERT IGNORE INTO `rest_pjsip_trunks_defaults` (`provider_id`,`keyword`,`data`) VALUES (19,"match","");
INSERT IGNORE INTO `rest_pjsip_trunks_defaults` (`provider_id`,`keyword`,`data`) VALUES (19,"max_retries","10000");
INSERT IGNORE INTO `rest_pjsip_trunks_defaults` (`provider_id`,`keyword`,`data`) VALUES (19,"maxchans","");
INSERT IGNORE INTO `rest_pjsip_trunks_defaults` (`provider_id`,`keyword`,`data`) VALUES (19,"media_address","");
INSERT IGNORE INTO `rest_pjsip_trunks_defaults` (`provider_id`,`keyword`,`data`) VALUES (19,"media_encryption","no");
INSERT IGNORE INTO `rest_pjsip_trunks_defaults` (`provider_id`,`keyword`,`data`) VALUES (19,"message_context","");
INSERT IGNORE INTO `rest_pjsip_trunks_defaults` (`provider_id`,`keyword`,`data`) VALUES (19,"npanxx","");
INSERT IGNORE INTO `rest_pjsip_trunks_defaults` (`provider_id`,`keyword`,`data`) VALUES (19,"outbound_proxy","");
INSERT IGNORE INTO `rest_pjsip_trunks_defaults` (`provider_id`,`keyword`,`data`) VALUES (19,"peerdetails","");
INSERT IGNORE INTO `rest_pjsip_trunks_defaults` (`provider_id`,`keyword`,`data`) VALUES (19,"qualify_frequency","60");
INSERT IGNORE INTO `rest_pjsip_trunks_defaults` (`provider_id`,`keyword`,`data`) VALUES (19,"register","");
INSERT IGNORE INTO `rest_pjsip_trunks_defaults` (`provider_id`,`keyword`,`data`) VALUES (19,"registration","send");
INSERT IGNORE INTO `rest_pjsip_trunks_defaults` (`provider_id`,`keyword`,`data`) VALUES (19,"retry_interval","60");
INSERT IGNORE INTO `rest_pjsip_trunks_defaults` (`provider_id`,`keyword`,`data`) VALUES (19,"rewrite_contact","yes");
INSERT IGNORE INTO `rest_pjsip_trunks_defaults` (`provider_id`,`keyword`,`data`) VALUES (19,"rtp_symmetric","yes");
INSERT IGNORE INTO `rest_pjsip_trunks_defaults` (`provider_id`,`keyword`,`data`) VALUES (19,"sendrpid","no");
INSERT IGNORE INTO `rest_pjsip_trunks_defaults` (`provider_id`,`keyword`,`data`) VALUES (19,"server_uri","");
INSERT IGNORE INTO `rest_pjsip_trunks_defaults` (`provider_id`,`keyword`,`data`) VALUES (19,"sip_server","trunk.voipvoice.it");
INSERT IGNORE INTO `rest_pjsip_trunks_defaults` (`provider_id`,`keyword`,`data`) VALUES (19,"sip_server_port","5060");
INSERT IGNORE INTO `rest_pjsip_trunks_defaults` (`provider_id`,`keyword`,`data`) VALUES (19,"support_path","no");
INSERT IGNORE INTO `rest_pjsip_trunks_defaults` (`provider_id`,`keyword`,`data`) VALUES (19,"sv_usercontext","");
INSERT IGNORE INTO `rest_pjsip_trunks_defaults` (`provider_id`,`keyword`,`data`) VALUES (19,"t38_udptl","no");
INSERT IGNORE INTO `rest_pjsip_trunks_defaults` (`provider_id`,`keyword`,`data`) VALUES (19,"t38_udptl_ec","none");
INSERT IGNORE INTO `rest_pjsip_trunks_defaults` (`provider_id`,`keyword`,`data`) VALUES (19,"t38_udptl_maxdatagram","");
INSERT IGNORE INTO `rest_pjsip_trunks_defaults` (`provider_id`,`keyword`,`data`) VALUES (19,"t38_udptl_nat","no");
INSERT IGNORE INTO `rest_pjsip_trunks_defaults` (`provider_id`,`keyword`,`data`) VALUES (19,"transport","0.0.0.0-udp");
INSERT IGNORE INTO `rest_pjsip_trunks_defaults` (`provider_id`,`keyword`,`data`) VALUES (19,"trust_rpid","no");
INSERT IGNORE INTO `rest_pjsip_trunks_defaults` (`provider_id`,`keyword`,`data`) VALUES (19,"userconfig","");

/* VoipVoice (user.voipvoice.it) */
INSERT IGNORE INTO `rest_pjsip_trunks_defaults` (`provider_id`,`keyword`,`data`) VALUES (20,"aor_contact","");
INSERT IGNORE INTO `rest_pjsip_trunks_defaults` (`provider_id`,`keyword`,`data`) VALUES (20,"aors","");
INSERT IGNORE INTO `rest_pjsip_trunks_defaults` (`provider_id`,`keyword`,`data`) VALUES (20,"auth_rejection_permanent","off");
INSERT IGNORE INTO `rest_pjsip_trunks_defaults` (`provider_id`,`keyword`,`data`) VALUES (20,"authentication","outbound");
INSERT IGNORE INTO `rest_pjsip_trunks_defaults` (`provider_id`,`keyword`,`data`) VALUES (20,"client_uri","");
INSERT IGNORE INTO `rest_pjsip_trunks_defaults` (`provider_id`,`keyword`,`data`) VALUES (20,"codecs","ulaw,alaw,gsm,g726,g722,g729");
INSERT IGNORE INTO `rest_pjsip_trunks_defaults` (`provider_id`,`keyword`,`data`) VALUES (20,"context","from-pstn-toheader");
INSERT IGNORE INTO `rest_pjsip_trunks_defaults` (`provider_id`,`keyword`,`data`) VALUES (20,"dialopts","");
INSERT IGNORE INTO `rest_pjsip_trunks_defaults` (`provider_id`,`keyword`,`data`) VALUES (20,"dialoutopts_cb","sys");
INSERT IGNORE INTO `rest_pjsip_trunks_defaults` (`provider_id`,`keyword`,`data`) VALUES (20,"direct_media","no");
INSERT IGNORE INTO `rest_pjsip_trunks_defaults` (`provider_id`,`keyword`,`data`) VALUES (20,"disabletrunk","off");
INSERT IGNORE INTO `rest_pjsip_trunks_defaults` (`provider_id`,`keyword`,`data`) VALUES (20,"dtmfmode","auto");
INSERT IGNORE INTO `rest_pjsip_trunks_defaults` (`provider_id`,`keyword`,`data`) VALUES (20,"expiration","300");
INSERT IGNORE INTO `rest_pjsip_trunks_defaults` (`provider_id`,`keyword`,`data`) VALUES (20,"failtrunk_enable","0");
INSERT IGNORE INTO `rest_pjsip_trunks_defaults` (`provider_id`,`keyword`,`data`) VALUES (20,"fatal_retry_interval","0");
INSERT IGNORE INTO `rest_pjsip_trunks_defaults` (`provider_id`,`keyword`,`data`) VALUES (20,"fax_detect","no");
INSERT IGNORE INTO `rest_pjsip_trunks_defaults` (`provider_id`,`keyword`,`data`) VALUES (20,"forbidden_retry_interval","10");
INSERT IGNORE INTO `rest_pjsip_trunks_defaults` (`provider_id`,`keyword`,`data`) VALUES (20,"force_rport","yes");
INSERT IGNORE INTO `rest_pjsip_trunks_defaults` (`provider_id`,`keyword`,`data`) VALUES (20,"from_domain","user.voipvoice.it");
INSERT IGNORE INTO `rest_pjsip_trunks_defaults` (`provider_id`,`keyword`,`data`) VALUES (20,"hcid","on");
INSERT IGNORE INTO `rest_pjsip_trunks_defaults` (`provider_id`,`keyword`,`data`) VALUES (20,"identify_by","default");
INSERT IGNORE INTO `rest_pjsip_trunks_defaults` (`provider_id`,`keyword`,`data`) VALUES (20,"inband_progress","no");
INSERT IGNORE INTO `rest_pjsip_trunks_defaults` (`provider_id`,`keyword`,`data`) VALUES (20,"language","");
INSERT IGNORE INTO `rest_pjsip_trunks_defaults` (`provider_id`,`keyword`,`data`) VALUES (20,"match","");
INSERT IGNORE INTO `rest_pjsip_trunks_defaults` (`provider_id`,`keyword`,`data`) VALUES (20,"max_retries","10000");
INSERT IGNORE INTO `rest_pjsip_trunks_defaults` (`provider_id`,`keyword`,`data`) VALUES (20,"maxchans","");
INSERT IGNORE INTO `rest_pjsip_trunks_defaults` (`provider_id`,`keyword`,`data`) VALUES (20,"media_address","");
INSERT IGNORE INTO `rest_pjsip_trunks_defaults` (`provider_id`,`keyword`,`data`) VALUES (20,"media_encryption","no");
INSERT IGNORE INTO `rest_pjsip_trunks_defaults` (`provider_id`,`keyword`,`data`) VALUES (20,"message_context","");
INSERT IGNORE INTO `rest_pjsip_trunks_defaults` (`provider_id`,`keyword`,`data`) VALUES (20,"npanxx","");
INSERT IGNORE INTO `rest_pjsip_trunks_defaults` (`provider_id`,`keyword`,`data`) VALUES (20,"outbound_proxy","");
INSERT IGNORE INTO `rest_pjsip_trunks_defaults` (`provider_id`,`keyword`,`data`) VALUES (20,"peerdetails","");
INSERT IGNORE INTO `rest_pjsip_trunks_defaults` (`provider_id`,`keyword`,`data`) VALUES (20,"qualify_frequency","60");
INSERT IGNORE INTO `rest_pjsip_trunks_defaults` (`provider_id`,`keyword`,`data`) VALUES (20,"register","");
INSERT IGNORE INTO `rest_pjsip_trunks_defaults` (`provider_id`,`keyword`,`data`) VALUES (20,"registration","send");
INSERT IGNORE INTO `rest_pjsip_trunks_defaults` (`provider_id`,`keyword`,`data`) VALUES (20,"retry_interval","60");
INSERT IGNORE INTO `rest_pjsip_trunks_defaults` (`provider_id`,`keyword`,`data`) VALUES (20,"rewrite_contact","yes");
INSERT IGNORE INTO `rest_pjsip_trunks_defaults` (`provider_id`,`keyword`,`data`) VALUES (20,"rtp_symmetric","yes");
INSERT IGNORE INTO `rest_pjsip_trunks_defaults` (`provider_id`,`keyword`,`data`) VALUES (20,"sendrpid","no");
INSERT IGNORE INTO `rest_pjsip_trunks_defaults` (`provider_id`,`keyword`,`data`) VALUES (20,"server_uri","");
INSERT IGNORE INTO `rest_pjsip_trunks_defaults` (`provider_id`,`keyword`,`data`) VALUES (20,"sip_server","user.voipvoice.it");
INSERT IGNORE INTO `rest_pjsip_trunks_defaults` (`provider_id`,`keyword`,`data`) VALUES (20,"sip_server_port","5060");
INSERT IGNORE INTO `rest_pjsip_trunks_defaults` (`provider_id`,`keyword`,`data`) VALUES (20,"support_path","no");
INSERT IGNORE INTO `rest_pjsip_trunks_defaults` (`provider_id`,`keyword`,`data`) VALUES (20,"sv_usercontext","");
INSERT IGNORE INTO `rest_pjsip_trunks_defaults` (`provider_id`,`keyword`,`data`) VALUES (20,"t38_udptl","no");
INSERT IGNORE INTO `rest_pjsip_trunks_defaults` (`provider_id`,`keyword`,`data`) VALUES (20,"t38_udptl_ec","none");
INSERT IGNORE INTO `rest_pjsip_trunks_defaults` (`provider_id`,`keyword`,`data`) VALUES (20,"t38_udptl_maxdatagram","");
INSERT IGNORE INTO `rest_pjsip_trunks_defaults` (`provider_id`,`keyword`,`data`) VALUES (20,"t38_udptl_nat","no");
INSERT IGNORE INTO `rest_pjsip_trunks_defaults` (`provider_id`,`keyword`,`data`) VALUES (20,"transport","0.0.0.0-udp");
INSERT IGNORE INTO `rest_pjsip_trunks_defaults` (`provider_id`,`keyword`,`data`) VALUES (20,"trust_rpid","no");
INSERT IGNORE INTO `rest_pjsip_trunks_defaults` (`provider_id`,`keyword`,`data`) VALUES (20,"userconfig","");

/* WiCity */
INSERT IGNORE INTO `rest_pjsip_trunks_defaults` (`provider_id`,`keyword`,`data`) VALUES (21,"aor_contact","");
INSERT IGNORE INTO `rest_pjsip_trunks_defaults` (`provider_id`,`keyword`,`data`) VALUES (21,"aors","");
INSERT IGNORE INTO `rest_pjsip_trunks_defaults` (`provider_id`,`keyword`,`data`) VALUES (21,"auth_rejection_permanent","off");
INSERT IGNORE INTO `rest_pjsip_trunks_defaults` (`provider_id`,`keyword`,`data`) VALUES (21,"authentication","outbound");
INSERT IGNORE INTO `rest_pjsip_trunks_defaults` (`provider_id`,`keyword`,`data`) VALUES (21,"client_uri","");
INSERT IGNORE INTO `rest_pjsip_trunks_defaults` (`provider_id`,`keyword`,`data`) VALUES (21,"codecs","alaw,ulaw");
INSERT IGNORE INTO `rest_pjsip_trunks_defaults` (`provider_id`,`keyword`,`data`) VALUES (21,"context","from-pstn");
INSERT IGNORE INTO `rest_pjsip_trunks_defaults` (`provider_id`,`keyword`,`data`) VALUES (21,"dialopts","");
INSERT IGNORE INTO `rest_pjsip_trunks_defaults` (`provider_id`,`keyword`,`data`) VALUES (21,"dialoutopts_cb","sys");
INSERT IGNORE INTO `rest_pjsip_trunks_defaults` (`provider_id`,`keyword`,`data`) VALUES (21,"direct_media","no");
INSERT IGNORE INTO `rest_pjsip_trunks_defaults` (`provider_id`,`keyword`,`data`) VALUES (21,"disabletrunk","off");
INSERT IGNORE INTO `rest_pjsip_trunks_defaults` (`provider_id`,`keyword`,`data`) VALUES (21,"dtmfmode","auto");
INSERT IGNORE INTO `rest_pjsip_trunks_defaults` (`provider_id`,`keyword`,`data`) VALUES (21,"expiration","300");
INSERT IGNORE INTO `rest_pjsip_trunks_defaults` (`provider_id`,`keyword`,`data`) VALUES (21,"failtrunk_enable","0");
INSERT IGNORE INTO `rest_pjsip_trunks_defaults` (`provider_id`,`keyword`,`data`) VALUES (21,"fatal_retry_interval","0");
INSERT IGNORE INTO `rest_pjsip_trunks_defaults` (`provider_id`,`keyword`,`data`) VALUES (21,"fax_detect","no");
INSERT IGNORE INTO `rest_pjsip_trunks_defaults` (`provider_id`,`keyword`,`data`) VALUES (21,"forbidden_retry_interval","10");
INSERT IGNORE INTO `rest_pjsip_trunks_defaults` (`provider_id`,`keyword`,`data`) VALUES (21,"force_rport","yes");
INSERT IGNORE INTO `rest_pjsip_trunks_defaults` (`provider_id`,`keyword`,`data`) VALUES (21,"from_domain","sip.wicity.it");
INSERT IGNORE INTO `rest_pjsip_trunks_defaults` (`provider_id`,`keyword`,`data`) VALUES (21,"hcid","on");
INSERT IGNORE INTO `rest_pjsip_trunks_defaults` (`provider_id`,`keyword`,`data`) VALUES (21,"identify_by","default");
INSERT IGNORE INTO `rest_pjsip_trunks_defaults` (`provider_id`,`keyword`,`data`) VALUES (21,"inband_progress","no");
INSERT IGNORE INTO `rest_pjsip_trunks_defaults` (`provider_id`,`keyword`,`data`) VALUES (21,"language","");
INSERT IGNORE INTO `rest_pjsip_trunks_defaults` (`provider_id`,`keyword`,`data`) VALUES (21,"match","");
INSERT IGNORE INTO `rest_pjsip_trunks_defaults` (`provider_id`,`keyword`,`data`) VALUES (21,"max_retries","10000");
INSERT IGNORE INTO `rest_pjsip_trunks_defaults` (`provider_id`,`keyword`,`data`) VALUES (21,"maxchans","");
INSERT IGNORE INTO `rest_pjsip_trunks_defaults` (`provider_id`,`keyword`,`data`) VALUES (21,"media_address","");
INSERT IGNORE INTO `rest_pjsip_trunks_defaults` (`provider_id`,`keyword`,`data`) VALUES (21,"media_encryption","no");
INSERT IGNORE INTO `rest_pjsip_trunks_defaults` (`provider_id`,`keyword`,`data`) VALUES (21,"message_context","");
INSERT IGNORE INTO `rest_pjsip_trunks_defaults` (`provider_id`,`keyword`,`data`) VALUES (21,"npanxx","");
INSERT IGNORE INTO `rest_pjsip_trunks_defaults` (`provider_id`,`keyword`,`data`) VALUES (21,"outbound_proxy","");
INSERT IGNORE INTO `rest_pjsip_trunks_defaults` (`provider_id`,`keyword`,`data`) VALUES (21,"peerdetails","");
INSERT IGNORE INTO `rest_pjsip_trunks_defaults` (`provider_id`,`keyword`,`data`) VALUES (21,"qualify_frequency","60");
INSERT IGNORE INTO `rest_pjsip_trunks_defaults` (`provider_id`,`keyword`,`data`) VALUES (21,"register","");
INSERT IGNORE INTO `rest_pjsip_trunks_defaults` (`provider_id`,`keyword`,`data`) VALUES (21,"registration","send");
INSERT IGNORE INTO `rest_pjsip_trunks_defaults` (`provider_id`,`keyword`,`data`) VALUES (21,"retry_interval","60");
INSERT IGNORE INTO `rest_pjsip_trunks_defaults` (`provider_id`,`keyword`,`data`) VALUES (21,"rewrite_contact","yes");
INSERT IGNORE INTO `rest_pjsip_trunks_defaults` (`provider_id`,`keyword`,`data`) VALUES (21,"rtp_symmetric","yes");
INSERT IGNORE INTO `rest_pjsip_trunks_defaults` (`provider_id`,`keyword`,`data`) VALUES (21,"sendrpid","no");
INSERT IGNORE INTO `rest_pjsip_trunks_defaults` (`provider_id`,`keyword`,`data`) VALUES (21,"server_uri","");
INSERT IGNORE INTO `rest_pjsip_trunks_defaults` (`provider_id`,`keyword`,`data`) VALUES (21,"sip_server","sip.wicity.it");
INSERT IGNORE INTO `rest_pjsip_trunks_defaults` (`provider_id`,`keyword`,`data`) VALUES (21,"sip_server_port","5060");
INSERT IGNORE INTO `rest_pjsip_trunks_defaults` (`provider_id`,`keyword`,`data`) VALUES (21,"support_path","no");
INSERT IGNORE INTO `rest_pjsip_trunks_defaults` (`provider_id`,`keyword`,`data`) VALUES (21,"sv_usercontext","");
INSERT IGNORE INTO `rest_pjsip_trunks_defaults` (`provider_id`,`keyword`,`data`) VALUES (21,"t38_udptl","no");
INSERT IGNORE INTO `rest_pjsip_trunks_defaults` (`provider_id`,`keyword`,`data`) VALUES (21,"t38_udptl_ec","none");
INSERT IGNORE INTO `rest_pjsip_trunks_defaults` (`provider_id`,`keyword`,`data`) VALUES (21,"t38_udptl_maxdatagram","");
INSERT IGNORE INTO `rest_pjsip_trunks_defaults` (`provider_id`,`keyword`,`data`) VALUES (21,"t38_udptl_nat","no");
INSERT IGNORE INTO `rest_pjsip_trunks_defaults` (`provider_id`,`keyword`,`data`) VALUES (21,"transport","0.0.0.0-udp");
INSERT IGNORE INTO `rest_pjsip_trunks_defaults` (`provider_id`,`keyword`,`data`) VALUES (21,"trust_rpid","no");
INSERT IGNORE INTO `rest_pjsip_trunks_defaults` (`provider_id`,`keyword`,`data`) VALUES (21,"userconfig","");

/* WiC */
INSERT IGNORE INTO `rest_pjsip_trunks_defaults` (`provider_id`,`keyword`,`data`) VALUES (22,"aor_contact","");
INSERT IGNORE INTO `rest_pjsip_trunks_defaults` (`provider_id`,`keyword`,`data`) VALUES (22,"aors","");
INSERT IGNORE INTO `rest_pjsip_trunks_defaults` (`provider_id`,`keyword`,`data`) VALUES (22,"auth_rejection_permanent","off");
INSERT IGNORE INTO `rest_pjsip_trunks_defaults` (`provider_id`,`keyword`,`data`) VALUES (22,"authentication","outbound");
INSERT IGNORE INTO `rest_pjsip_trunks_defaults` (`provider_id`,`keyword`,`data`) VALUES (22,"client_uri","");
INSERT IGNORE INTO `rest_pjsip_trunks_defaults` (`provider_id`,`keyword`,`data`) VALUES (22,"codecs","g729");
INSERT IGNORE INTO `rest_pjsip_trunks_defaults` (`provider_id`,`keyword`,`data`) VALUES (22,"context","from-pstn-toheader");
INSERT IGNORE INTO `rest_pjsip_trunks_defaults` (`provider_id`,`keyword`,`data`) VALUES (22,"dialopts","");
INSERT IGNORE INTO `rest_pjsip_trunks_defaults` (`provider_id`,`keyword`,`data`) VALUES (22,"dialoutopts_cb","sys");
INSERT IGNORE INTO `rest_pjsip_trunks_defaults` (`provider_id`,`keyword`,`data`) VALUES (22,"direct_media","no");
INSERT IGNORE INTO `rest_pjsip_trunks_defaults` (`provider_id`,`keyword`,`data`) VALUES (22,"disabletrunk","off");
INSERT IGNORE INTO `rest_pjsip_trunks_defaults` (`provider_id`,`keyword`,`data`) VALUES (22,"dtmfmode","auto");
INSERT IGNORE INTO `rest_pjsip_trunks_defaults` (`provider_id`,`keyword`,`data`) VALUES (22,"expiration","300");
INSERT IGNORE INTO `rest_pjsip_trunks_defaults` (`provider_id`,`keyword`,`data`) VALUES (22,"failtrunk_enable","0");
INSERT IGNORE INTO `rest_pjsip_trunks_defaults` (`provider_id`,`keyword`,`data`) VALUES (22,"fatal_retry_interval","0");
INSERT IGNORE INTO `rest_pjsip_trunks_defaults` (`provider_id`,`keyword`,`data`) VALUES (22,"fax_detect","no");
INSERT IGNORE INTO `rest_pjsip_trunks_defaults` (`provider_id`,`keyword`,`data`) VALUES (22,"forbidden_retry_interval","10");
INSERT IGNORE INTO `rest_pjsip_trunks_defaults` (`provider_id`,`keyword`,`data`) VALUES (22,"force_rport","yes");
INSERT IGNORE INTO `rest_pjsip_trunks_defaults` (`provider_id`,`keyword`,`data`) VALUES (22,"from_domain","sip.mywic.it");
INSERT IGNORE INTO `rest_pjsip_trunks_defaults` (`provider_id`,`keyword`,`data`) VALUES (22,"hcid","on");
INSERT IGNORE INTO `rest_pjsip_trunks_defaults` (`provider_id`,`keyword`,`data`) VALUES (22,"identify_by","default");
INSERT IGNORE INTO `rest_pjsip_trunks_defaults` (`provider_id`,`keyword`,`data`) VALUES (22,"inband_progress","no");
INSERT IGNORE INTO `rest_pjsip_trunks_defaults` (`provider_id`,`keyword`,`data`) VALUES (22,"language","");
INSERT IGNORE INTO `rest_pjsip_trunks_defaults` (`provider_id`,`keyword`,`data`) VALUES (22,"match","");
INSERT IGNORE INTO `rest_pjsip_trunks_defaults` (`provider_id`,`keyword`,`data`) VALUES (22,"max_retries","10000");
INSERT IGNORE INTO `rest_pjsip_trunks_defaults` (`provider_id`,`keyword`,`data`) VALUES (22,"maxchans","");
INSERT IGNORE INTO `rest_pjsip_trunks_defaults` (`provider_id`,`keyword`,`data`) VALUES (22,"media_address","");
INSERT IGNORE INTO `rest_pjsip_trunks_defaults` (`provider_id`,`keyword`,`data`) VALUES (22,"media_encryption","no");
INSERT IGNORE INTO `rest_pjsip_trunks_defaults` (`provider_id`,`keyword`,`data`) VALUES (22,"message_context","");
INSERT IGNORE INTO `rest_pjsip_trunks_defaults` (`provider_id`,`keyword`,`data`) VALUES (22,"npanxx","");
INSERT IGNORE INTO `rest_pjsip_trunks_defaults` (`provider_id`,`keyword`,`data`) VALUES (22,"outbound_proxy","");
INSERT IGNORE INTO `rest_pjsip_trunks_defaults` (`provider_id`,`keyword`,`data`) VALUES (22,"peerdetails","");
INSERT IGNORE INTO `rest_pjsip_trunks_defaults` (`provider_id`,`keyword`,`data`) VALUES (22,"qualify_frequency","60");
INSERT IGNORE INTO `rest_pjsip_trunks_defaults` (`provider_id`,`keyword`,`data`) VALUES (22,"register","");
INSERT IGNORE INTO `rest_pjsip_trunks_defaults` (`provider_id`,`keyword`,`data`) VALUES (22,"registration","send");
INSERT IGNORE INTO `rest_pjsip_trunks_defaults` (`provider_id`,`keyword`,`data`) VALUES (22,"retry_interval","60");
INSERT IGNORE INTO `rest_pjsip_trunks_defaults` (`provider_id`,`keyword`,`data`) VALUES (22,"rewrite_contact","yes");
INSERT IGNORE INTO `rest_pjsip_trunks_defaults` (`provider_id`,`keyword`,`data`) VALUES (22,"rtp_symmetric","yes");
INSERT IGNORE INTO `rest_pjsip_trunks_defaults` (`provider_id`,`keyword`,`data`) VALUES (22,"sendrpid","both");
INSERT IGNORE INTO `rest_pjsip_trunks_defaults` (`provider_id`,`keyword`,`data`) VALUES (22,"server_uri","");
INSERT IGNORE INTO `rest_pjsip_trunks_defaults` (`provider_id`,`keyword`,`data`) VALUES (22,"sip_server","sip.mywic.it");
INSERT IGNORE INTO `rest_pjsip_trunks_defaults` (`provider_id`,`keyword`,`data`) VALUES (22,"sip_server_port","5060");
INSERT IGNORE INTO `rest_pjsip_trunks_defaults` (`provider_id`,`keyword`,`data`) VALUES (22,"support_path","no");
INSERT IGNORE INTO `rest_pjsip_trunks_defaults` (`provider_id`,`keyword`,`data`) VALUES (22,"sv_usercontext","");
INSERT IGNORE INTO `rest_pjsip_trunks_defaults` (`provider_id`,`keyword`,`data`) VALUES (22,"t38_udptl","no");
INSERT IGNORE INTO `rest_pjsip_trunks_defaults` (`provider_id`,`keyword`,`data`) VALUES (22,"t38_udptl_ec","none");
INSERT IGNORE INTO `rest_pjsip_trunks_defaults` (`provider_id`,`keyword`,`data`) VALUES (22,"t38_udptl_maxdatagram","");
INSERT IGNORE INTO `rest_pjsip_trunks_defaults` (`provider_id`,`keyword`,`data`) VALUES (22,"t38_udptl_nat","no");
INSERT IGNORE INTO `rest_pjsip_trunks_defaults` (`provider_id`,`keyword`,`data`) VALUES (22,"transport","0.0.0.0-udp");
INSERT IGNORE INTO `rest_pjsip_trunks_defaults` (`provider_id`,`keyword`,`data`) VALUES (22,"trust_rpid","no");
INSERT IGNORE INTO `rest_pjsip_trunks_defaults` (`provider_id`,`keyword`,`data`) VALUES (22,"userconfig","");

/* XStream */
INSERT IGNORE INTO `rest_pjsip_trunks_defaults` (`provider_id`,`keyword`,`data`) VALUES (23,"aor_contact","");
INSERT IGNORE INTO `rest_pjsip_trunks_defaults` (`provider_id`,`keyword`,`data`) VALUES (23,"aors","");
INSERT IGNORE INTO `rest_pjsip_trunks_defaults` (`provider_id`,`keyword`,`data`) VALUES (23,"auth_rejection_permanent","off");
INSERT IGNORE INTO `rest_pjsip_trunks_defaults` (`provider_id`,`keyword`,`data`) VALUES (23,"authentication","outbound");
INSERT IGNORE INTO `rest_pjsip_trunks_defaults` (`provider_id`,`keyword`,`data`) VALUES (23,"client_uri","");
INSERT IGNORE INTO `rest_pjsip_trunks_defaults` (`provider_id`,`keyword`,`data`) VALUES (23,"codecs","ulaw,alaw,g729");
INSERT IGNORE INTO `rest_pjsip_trunks_defaults` (`provider_id`,`keyword`,`data`) VALUES (23,"context","from-pstn-toheader");
INSERT IGNORE INTO `rest_pjsip_trunks_defaults` (`provider_id`,`keyword`,`data`) VALUES (23,"dialopts","");
INSERT IGNORE INTO `rest_pjsip_trunks_defaults` (`provider_id`,`keyword`,`data`) VALUES (23,"dialoutopts_cb","sys");
INSERT IGNORE INTO `rest_pjsip_trunks_defaults` (`provider_id`,`keyword`,`data`) VALUES (23,"direct_media","no");
INSERT IGNORE INTO `rest_pjsip_trunks_defaults` (`provider_id`,`keyword`,`data`) VALUES (23,"disabletrunk","off");
INSERT IGNORE INTO `rest_pjsip_trunks_defaults` (`provider_id`,`keyword`,`data`) VALUES (23,"dtmfmode","auto");
INSERT IGNORE INTO `rest_pjsip_trunks_defaults` (`provider_id`,`keyword`,`data`) VALUES (23,"expiration","300");
INSERT IGNORE INTO `rest_pjsip_trunks_defaults` (`provider_id`,`keyword`,`data`) VALUES (23,"failtrunk_enable","0");
INSERT IGNORE INTO `rest_pjsip_trunks_defaults` (`provider_id`,`keyword`,`data`) VALUES (23,"fatal_retry_interval","0");
INSERT IGNORE INTO `rest_pjsip_trunks_defaults` (`provider_id`,`keyword`,`data`) VALUES (23,"fax_detect","no");
INSERT IGNORE INTO `rest_pjsip_trunks_defaults` (`provider_id`,`keyword`,`data`) VALUES (23,"forbidden_retry_interval","10");
INSERT IGNORE INTO `rest_pjsip_trunks_defaults` (`provider_id`,`keyword`,`data`) VALUES (23,"force_rport","yes");
INSERT IGNORE INTO `rest_pjsip_trunks_defaults` (`provider_id`,`keyword`,`data`) VALUES (23,"from_domain","nomecliente.site");
INSERT IGNORE INTO `rest_pjsip_trunks_defaults` (`provider_id`,`keyword`,`data`) VALUES (23,"hcid","on");
INSERT IGNORE INTO `rest_pjsip_trunks_defaults` (`provider_id`,`keyword`,`data`) VALUES (23,"identify_by","default");
INSERT IGNORE INTO `rest_pjsip_trunks_defaults` (`provider_id`,`keyword`,`data`) VALUES (23,"inband_progress","no");
INSERT IGNORE INTO `rest_pjsip_trunks_defaults` (`provider_id`,`keyword`,`data`) VALUES (23,"language","");
INSERT IGNORE INTO `rest_pjsip_trunks_defaults` (`provider_id`,`keyword`,`data`) VALUES (23,"match","");
INSERT IGNORE INTO `rest_pjsip_trunks_defaults` (`provider_id`,`keyword`,`data`) VALUES (23,"max_retries","10000");
INSERT IGNORE INTO `rest_pjsip_trunks_defaults` (`provider_id`,`keyword`,`data`) VALUES (23,"maxchans","");
INSERT IGNORE INTO `rest_pjsip_trunks_defaults` (`provider_id`,`keyword`,`data`) VALUES (23,"media_address","");
INSERT IGNORE INTO `rest_pjsip_trunks_defaults` (`provider_id`,`keyword`,`data`) VALUES (23,"media_encryption","no");
INSERT IGNORE INTO `rest_pjsip_trunks_defaults` (`provider_id`,`keyword`,`data`) VALUES (23,"message_context","");
INSERT IGNORE INTO `rest_pjsip_trunks_defaults` (`provider_id`,`keyword`,`data`) VALUES (23,"npanxx","");
INSERT IGNORE INTO `rest_pjsip_trunks_defaults` (`provider_id`,`keyword`,`data`) VALUES (23,"outbound_proxy","");
INSERT IGNORE INTO `rest_pjsip_trunks_defaults` (`provider_id`,`keyword`,`data`) VALUES (23,"peerdetails","");
INSERT IGNORE INTO `rest_pjsip_trunks_defaults` (`provider_id`,`keyword`,`data`) VALUES (23,"qualify_frequency","60");
INSERT IGNORE INTO `rest_pjsip_trunks_defaults` (`provider_id`,`keyword`,`data`) VALUES (23,"register","");
INSERT IGNORE INTO `rest_pjsip_trunks_defaults` (`provider_id`,`keyword`,`data`) VALUES (23,"registration","send");
INSERT IGNORE INTO `rest_pjsip_trunks_defaults` (`provider_id`,`keyword`,`data`) VALUES (23,"retry_interval","60");
INSERT IGNORE INTO `rest_pjsip_trunks_defaults` (`provider_id`,`keyword`,`data`) VALUES (23,"rewrite_contact","yes");
INSERT IGNORE INTO `rest_pjsip_trunks_defaults` (`provider_id`,`keyword`,`data`) VALUES (23,"rtp_symmetric","yes");
INSERT IGNORE INTO `rest_pjsip_trunks_defaults` (`provider_id`,`keyword`,`data`) VALUES (23,"sendrpid","no");
INSERT IGNORE INTO `rest_pjsip_trunks_defaults` (`provider_id`,`keyword`,`data`) VALUES (23,"server_uri","");
INSERT IGNORE INTO `rest_pjsip_trunks_defaults` (`provider_id`,`keyword`,`data`) VALUES (23,"sip_server","128.65.200.18");
INSERT IGNORE INTO `rest_pjsip_trunks_defaults` (`provider_id`,`keyword`,`data`) VALUES (23,"sip_server_port","5083");
INSERT IGNORE INTO `rest_pjsip_trunks_defaults` (`provider_id`,`keyword`,`data`) VALUES (23,"support_path","no");
INSERT IGNORE INTO `rest_pjsip_trunks_defaults` (`provider_id`,`keyword`,`data`) VALUES (23,"sv_usercontext","");
INSERT IGNORE INTO `rest_pjsip_trunks_defaults` (`provider_id`,`keyword`,`data`) VALUES (23,"t38_udptl","no");
INSERT IGNORE INTO `rest_pjsip_trunks_defaults` (`provider_id`,`keyword`,`data`) VALUES (23,"t38_udptl_ec","none");
INSERT IGNORE INTO `rest_pjsip_trunks_defaults` (`provider_id`,`keyword`,`data`) VALUES (23,"t38_udptl_maxdatagram","");
INSERT IGNORE INTO `rest_pjsip_trunks_defaults` (`provider_id`,`keyword`,`data`) VALUES (23,"t38_udptl_nat","no");
INSERT IGNORE INTO `rest_pjsip_trunks_defaults` (`provider_id`,`keyword`,`data`) VALUES (23,"transport","0.0.0.0-udp");
INSERT IGNORE INTO `rest_pjsip_trunks_defaults` (`provider_id`,`keyword`,`data`) VALUES (23,"trust_rpid","no");
INSERT IGNORE INTO `rest_pjsip_trunks_defaults` (`provider_id`,`keyword`,`data`) VALUES (23,"userconfig","");

/* Digitalia */
INSERT IGNORE INTO `rest_pjsip_trunks_defaults` (`provider_id`,`keyword`,`data`) VALUES (24,"aor_contact","");
INSERT IGNORE INTO `rest_pjsip_trunks_defaults` (`provider_id`,`keyword`,`data`) VALUES (24,"aors","");
INSERT IGNORE INTO `rest_pjsip_trunks_defaults` (`provider_id`,`keyword`,`data`) VALUES (24,"auth_rejection_permanent","off");
INSERT IGNORE INTO `rest_pjsip_trunks_defaults` (`provider_id`,`keyword`,`data`) VALUES (24,"authentication","outbound");
INSERT IGNORE INTO `rest_pjsip_trunks_defaults` (`provider_id`,`keyword`,`data`) VALUES (24,"client_uri","");
INSERT IGNORE INTO `rest_pjsip_trunks_defaults` (`provider_id`,`keyword`,`data`) VALUES (24,"codecs","ulaw,alaw,g729");
INSERT IGNORE INTO `rest_pjsip_trunks_defaults` (`provider_id`,`keyword`,`data`) VALUES (24,"context","from-pstn-toheader");
INSERT IGNORE INTO `rest_pjsip_trunks_defaults` (`provider_id`,`keyword`,`data`) VALUES (24,"dialopts","");
INSERT IGNORE INTO `rest_pjsip_trunks_defaults` (`provider_id`,`keyword`,`data`) VALUES (24,"dialoutopts_cb","sys");
INSERT IGNORE INTO `rest_pjsip_trunks_defaults` (`provider_id`,`keyword`,`data`) VALUES (24,"direct_media","no");
INSERT IGNORE INTO `rest_pjsip_trunks_defaults` (`provider_id`,`keyword`,`data`) VALUES (24,"disabletrunk","off");
INSERT IGNORE INTO `rest_pjsip_trunks_defaults` (`provider_id`,`keyword`,`data`) VALUES (24,"dtmfmode","auto");
INSERT IGNORE INTO `rest_pjsip_trunks_defaults` (`provider_id`,`keyword`,`data`) VALUES (24,"expiration","300");
INSERT IGNORE INTO `rest_pjsip_trunks_defaults` (`provider_id`,`keyword`,`data`) VALUES (24,"failtrunk_enable","0");
INSERT IGNORE INTO `rest_pjsip_trunks_defaults` (`provider_id`,`keyword`,`data`) VALUES (24,"fatal_retry_interval","0");
INSERT IGNORE INTO `rest_pjsip_trunks_defaults` (`provider_id`,`keyword`,`data`) VALUES (24,"fax_detect","no");
INSERT IGNORE INTO `rest_pjsip_trunks_defaults` (`provider_id`,`keyword`,`data`) VALUES (24,"forbidden_retry_interval","10");
INSERT IGNORE INTO `rest_pjsip_trunks_defaults` (`provider_id`,`keyword`,`data`) VALUES (24,"force_rport","yes");
INSERT IGNORE INTO `rest_pjsip_trunks_defaults` (`provider_id`,`keyword`,`data`) VALUES (24,"from_domain","sip.digiclex.it");
INSERT IGNORE INTO `rest_pjsip_trunks_defaults` (`provider_id`,`keyword`,`data`) VALUES (24,"hcid","on");
INSERT IGNORE INTO `rest_pjsip_trunks_defaults` (`provider_id`,`keyword`,`data`) VALUES (24,"identify_by","default");
INSERT IGNORE INTO `rest_pjsip_trunks_defaults` (`provider_id`,`keyword`,`data`) VALUES (24,"inband_progress","no");
INSERT IGNORE INTO `rest_pjsip_trunks_defaults` (`provider_id`,`keyword`,`data`) VALUES (24,"language","");
INSERT IGNORE INTO `rest_pjsip_trunks_defaults` (`provider_id`,`keyword`,`data`) VALUES (24,"match","");
INSERT IGNORE INTO `rest_pjsip_trunks_defaults` (`provider_id`,`keyword`,`data`) VALUES (24,"max_retries","10000");
INSERT IGNORE INTO `rest_pjsip_trunks_defaults` (`provider_id`,`keyword`,`data`) VALUES (24,"maxchans","");
INSERT IGNORE INTO `rest_pjsip_trunks_defaults` (`provider_id`,`keyword`,`data`) VALUES (24,"media_address","");
INSERT IGNORE INTO `rest_pjsip_trunks_defaults` (`provider_id`,`keyword`,`data`) VALUES (24,"media_encryption","no");
INSERT IGNORE INTO `rest_pjsip_trunks_defaults` (`provider_id`,`keyword`,`data`) VALUES (24,"message_context","");
INSERT IGNORE INTO `rest_pjsip_trunks_defaults` (`provider_id`,`keyword`,`data`) VALUES (24,"npanxx","");
INSERT IGNORE INTO `rest_pjsip_trunks_defaults` (`provider_id`,`keyword`,`data`) VALUES (24,"outbound_proxy","");
INSERT IGNORE INTO `rest_pjsip_trunks_defaults` (`provider_id`,`keyword`,`data`) VALUES (24,"peerdetails","");
INSERT IGNORE INTO `rest_pjsip_trunks_defaults` (`provider_id`,`keyword`,`data`) VALUES (24,"qualify_frequency","60");
INSERT IGNORE INTO `rest_pjsip_trunks_defaults` (`provider_id`,`keyword`,`data`) VALUES (24,"register","");
INSERT IGNORE INTO `rest_pjsip_trunks_defaults` (`provider_id`,`keyword`,`data`) VALUES (24,"registration","send");
INSERT IGNORE INTO `rest_pjsip_trunks_defaults` (`provider_id`,`keyword`,`data`) VALUES (24,"retry_interval","60");
INSERT IGNORE INTO `rest_pjsip_trunks_defaults` (`provider_id`,`keyword`,`data`) VALUES (24,"rewrite_contact","yes");
INSERT IGNORE INTO `rest_pjsip_trunks_defaults` (`provider_id`,`keyword`,`data`) VALUES (24,"rtp_symmetric","yes");
INSERT IGNORE INTO `rest_pjsip_trunks_defaults` (`provider_id`,`keyword`,`data`) VALUES (24,"sendrpid","no");
INSERT IGNORE INTO `rest_pjsip_trunks_defaults` (`provider_id`,`keyword`,`data`) VALUES (24,"server_uri","");
INSERT IGNORE INTO `rest_pjsip_trunks_defaults` (`provider_id`,`keyword`,`data`) VALUES (24,"sip_server","sip.digiclex.it");
INSERT IGNORE INTO `rest_pjsip_trunks_defaults` (`provider_id`,`keyword`,`data`) VALUES (24,"sip_server_port","5060");
INSERT IGNORE INTO `rest_pjsip_trunks_defaults` (`provider_id`,`keyword`,`data`) VALUES (24,"support_path","no");
INSERT IGNORE INTO `rest_pjsip_trunks_defaults` (`provider_id`,`keyword`,`data`) VALUES (24,"sv_usercontext","");
INSERT IGNORE INTO `rest_pjsip_trunks_defaults` (`provider_id`,`keyword`,`data`) VALUES (24,"t38_udptl","no");
INSERT IGNORE INTO `rest_pjsip_trunks_defaults` (`provider_id`,`keyword`,`data`) VALUES (24,"t38_udptl_ec","none");
INSERT IGNORE INTO `rest_pjsip_trunks_defaults` (`provider_id`,`keyword`,`data`) VALUES (24,"t38_udptl_maxdatagram","");
INSERT IGNORE INTO `rest_pjsip_trunks_defaults` (`provider_id`,`keyword`,`data`) VALUES (24,"t38_udptl_nat","no");
INSERT IGNORE INTO `rest_pjsip_trunks_defaults` (`provider_id`,`keyword`,`data`) VALUES (24,"transport","0.0.0.0-udp");
INSERT IGNORE INTO `rest_pjsip_trunks_defaults` (`provider_id`,`keyword`,`data`) VALUES (24,"trust_rpid","no");
INSERT IGNORE INTO `rest_pjsip_trunks_defaults` (`provider_id`,`keyword`,`data`) VALUES (24,"userconfig","");
/* secret for Opensolution GNR*/
INSERT IGNORE INTO `rest_pjsip_trunks_specialopts` (`provider_id`,`keyword`,`data`) VALUES (6,'username','');

/*Empty username / secret for Opensolution GNR*/
INSERT IGNORE INTO `rest_pjsip_trunks_specialopts` (`provider_id`,`keyword`,`data`) VALUES (6,'username','');
INSERT IGNORE INTO `rest_pjsip_trunks_specialopts` (`provider_id`,`keyword`,`data`) VALUES (6,'secret','');

/* Special client_uri for Viatek*/
INSERT IGNORE INTO `rest_pjsip_trunks_specialopts` (`provider_id`,`keyword`,`data`) VALUES (14,'client_uri','sip:$USERNAME@CHANGE_ME');

/* Special client_uri for XStream*/
INSERT IGNORE INTO `rest_pjsip_trunks_specialopts` (`provider_id`,`keyword`,`data`) VALUES (23,'client_uri','sip:$USERNAME@nomecliente.site:5083');
